日期,持仓市值,现金,持仓点数,累计投入,买入次数
2020-04-24,100000.0,100000,0.0,0,0
2020-04-27,100000.0,100000,0.0,0,0
2020-04-28,100000.0,100000,0.0,0,0
2020-04-29,100000.0,100000,0.0,0,0
2020-04-30,100000.0,100000,0.0,0,0
2020-05-06,100000.0,100000,0.0,0,0
2020-05-07,100000.0,100000,0.0,0,0
2020-05-08,100000.0,100000,0.0,0,0
2020-05-11,100000.0,100000,0.0,0,0
2020-05-12,100000.0,100000,0.0,0,0
2020-05-13,100000.0,100000,0.0,0,0
2020-05-14,100000.0,100000,0.0,0,0
2020-05-15,100000.0,100000,0.0,0,0
2020-05-18,100000.0,100000,0.0,0,0
2020-05-19,100000.0,100000,0.0,0,0
2020-05-20,100000.0,100000,0.0,0,0
2020-05-21,100000.0,100000,0.0,0,0
2020-05-22,100000.0,100000,0.0,0,0
2020-05-25,100000.0,100000,0.0,0,0
2020-05-26,100000.0,100000,0.0,0,0
2020-05-27,100000.0,100000,0.0,0,0
2020-05-28,100000.0,100000,0.0,0,0
2020-05-29,100000.0,100000,0.0,0,0
2020-06-01,100000.0,100000,0.0,0,0
2020-06-02,100000.0,100000,0.0,0,0
2020-06-03,100000.0,100000,0.0,0,0
2020-06-04,100000.0,100000,0.0,0,0
2020-06-05,100000.0,100000,0.0,0,0
2020-06-08,100000.0,100000,0.0,0,0
2020-06-09,100000.0,100000,0.0,0,0
2020-06-10,100000.0,100000,0.0,0,0
2020-06-11,100000.0,100000,0.0,0,0
2020-06-12,100000.0,100000,0.0,0,0
2020-06-15,100000.0,100000,0.0,0,0
2020-06-16,100000.0,100000,0.0,0,0
2020-06-17,100000.0,100000,0.0,0,0
2020-06-18,100000.0,100000,0.0,0,0
2020-06-19,100000.0,100000,0.0,0,0
2020-06-22,100000.0,100000,0.0,0,0
2020-06-23,100000.0,100000,0.0,0,0
2020-06-24,100000.0,100000,0.0,0,0
2020-06-29,100000.0,100000,0.0,0,0
2020-06-30,100000.0,100000,0.0,0,0
2020-07-01,100000.0,100000,0.0,0,0
2020-07-02,100000.0,100000,0.0,0,0
2020-07-03,100000.0,100000,0.0,0,0
2020-07-06,100000.0,100000,0.0,0,0
2020-07-07,100000.0,100000,0.0,0,0
2020-07-08,100000.0,100000,0.0,0,0
2020-07-09,100000.0,100000,0.0,0,0
2020-07-10,100000.0,100000,0.0,0,0
2020-07-13,100000.0,100000,0.0,0,0
2020-07-14,100000.0,100000,0.0,0,0
2020-07-15,100000.0,100000,0.0,0,0
2020-07-16,100000.0,100000,0.0,0,0
2020-07-17,100000.0,100000,0.0,0,0
2020-07-20,100000.0,100000,0.0,0,0
2020-07-21,100000.0,100000,0.0,0,0
2020-07-22,100000.0,100000,0.0,0,0
2020-07-23,100000.0,100000,0.0,0,0
2020-07-24,100000.0,100000,0.0,0,0
2020-07-27,100000.0,100000,0.0,0,0
2020-07-28,100000.0,100000,0.0,0,0
2020-07-29,100000.0,100000,0.0,0,0
2020-07-30,100000.0,100000,0.0,0,0
2020-07-31,100000.0,100000,0.0,0,0
2020-08-03,100000.0,100000,0.0,0,0
2020-08-04,100000.0,100000,0.0,0,0
2020-08-05,100000.0,100000,0.0,0,0
2020-08-06,100000.0,100000,0.0,0,0
2020-08-07,100000.0,100000,0.0,0,0
2020-08-10,100000.0,100000,0.0,0,0
2020-08-11,100000.0,100000,0.0,0,0
2020-08-12,100000.0,100000,0.0,0,0
2020-08-13,100000.0,100000,0.0,0,0
2020-08-14,100000.0,100000,0.0,0,0
2020-08-17,100000.0,100000,0.0,0,0
2020-08-18,100000.0,100000,0.0,0,0
2020-08-19,100000.0,100000,0.0,0,0
2020-08-20,100000.0,100000,0.0,0,0
2020-08-21,100000.0,100000,0.0,0,0
2020-08-24,100000.0,100000,0.0,0,0
2020-08-25,100000.0,100000,0.0,0,0
2020-08-26,100000.0,100000,0.0,0,0
2020-08-27,100000.0,100000,0.0,0,0
2020-08-28,100000.0,100000,0.0,0,0
2020-08-31,100000.0,100000,0.0,0,0
2020-09-01,100000.0,100000,0.0,0,0
2020-09-02,100000.0,100000,0.0,0,0
2020-09-03,100000.0,100000,0.0,0,0
2020-09-04,100000.0,100000,0.0,0,0
2020-09-07,100000.0,100000,0.0,0,0
2020-09-08,100000.0,100000,0.0,0,0
2020-09-09,100000.0,100000,0.0,0,0
2020-09-10,100000.0,100000,0.0,0,0
2020-09-11,100000.0,100000,0.0,0,0
2020-09-14,100000.0,100000,0.0,0,0
2020-09-15,100000.0,100000,0.0,0,0
2020-09-16,100000.0,100000,0.0,0,0
2020-09-17,100000.0,100000,0.0,0,0
2020-09-18,100000.0,100000,0.0,0,0
2020-09-21,100000.0,100000,0.0,0,0
2020-09-22,100000.0,100000,0.0,0,0
2020-09-23,100000.0,100000,0.0,0,0
2020-09-24,100000.0,100000,0.0,0,0
2020-09-25,100000.0,100000,0.0,0,0
2020-09-28,100000.0,100000,0.0,0,0
2020-09-29,100000.0,100000,0.0,0,0
2020-09-30,100000.0,100000,0.0,0,0
2020-10-09,100000.0,100000,0.0,0,0
2020-10-12,100000.0,100000,0.0,0,0
2020-10-13,100000.0,100000,0.0,0,0
2020-10-14,100000.0,100000,0.0,0,0
2020-10-15,100000.0,100000,0.0,0,0
2020-10-16,100000.0,100000,0.0,0,0
2020-10-19,100000.0,100000,0.0,0,0
2020-10-20,100000.0,100000,0.0,0,0
2020-10-21,100000.0,100000,0.0,0,0
2020-10-22,100000.0,100000,0.0,0,0
2020-10-23,100000.0,100000,0.0,0,0
2020-10-26,100000.0,100000,0.0,0,0
2020-10-27,100000.0,100000,0.0,0,0
2020-10-28,100000.0,100000,0.0,0,0
2020-10-29,100000.0,100000,0.0,0,0
2020-10-30,100000.0,100000,0.0,0,0
2020-11-02,100000.0,100000,0.0,0,0
2020-11-03,100000.0,100000,0.0,0,0
2020-11-04,100000.0,100000,0.0,0,0
2020-11-05,100000.0,100000,0.0,0,0
2020-11-06,100000.0,100000,0.0,0,0
2020-11-09,100000.0,100000,0.0,0,0
2020-11-10,100000.0,100000,0.0,0,0
2020-11-11,100000.0,100000,0.0,0,0
2020-11-12,100000.0,100000,0.0,0,0
2020-11-13,100000.0,100000,0.0,0,0
2020-11-16,100000.0,100000,0.0,0,0
2020-11-17,100000.0,100000,0.0,0,0
2020-11-18,100000.0,100000,0.0,0,0
2020-11-19,100000.0,100000,0.0,0,0
2020-11-20,100000.0,100000,0.0,0,0
2020-11-23,100000.0,100000,0.0,0,0
2020-11-24,100000.0,100000,0.0,0,0
2020-11-25,100000.0,100000,0.0,0,0
2020-11-26,100000.0,100000,0.0,0,0
2020-11-27,100000.0,100000,0.0,0,0
2020-11-30,100000.0,100000,0.0,0,0
2020-12-01,100000.0,100000,0.0,0,0
2020-12-02,100000.0,100000,0.0,0,0
2020-12-03,100000.0,100000,0.0,0,0
2020-12-04,100000.0,100000,0.0,0,0
2020-12-07,100000.0,100000,0.0,0,0
2020-12-08,100000.0,100000,0.0,0,0
2020-12-09,100000.0,100000,0.0,0,0
2020-12-10,100000.0,100000,0.0,0,0
2020-12-11,100000.0,100000,0.0,0,0
2020-12-14,100000.0,100000,0.0,0,0
2020-12-15,100000.0,100000,0.0,0,0
2020-12-16,100000.0,100000,0.0,0,0
2020-12-17,100000.0,100000,0.0,0,0
2020-12-18,100000.0,100000,0.0,0,0
2020-12-21,100000.0,100000,0.0,0,0
2020-12-22,100000.0,100000,0.0,0,0
2020-12-23,100000.0,100000,0.0,0,0
2020-12-24,100000.0,100000,0.0,0,0
2020-12-25,100000.0,100000,0.0,0,0
2020-12-28,100000.0,100000,0.0,0,0
2020-12-29,100000.0,100000,0.0,0,0
2020-12-30,100000.0,100000,0.0,0,0
2020-12-31,100000.0,100000,0.0,0,0
2021-01-04,100000.0,100000,0.0,0,0
2021-01-05,100000.0,100000,0.0,0,0
2021-01-06,100000.0,100000,0.0,0,0
2021-01-07,100000.0,100000,0.0,0,0
2021-01-08,100000.0,100000,0.0,0,0
2021-01-11,100000.0,100000,0.0,0,0
2021-01-12,100000.0,100000,0.0,0,0
2021-01-13,100000.0,100000,0.0,0,0
2021-01-14,100000.0,100000,0.0,0,0
2021-01-15,100000.0,100000,0.0,0,0
2021-01-18,100000.0,100000,0.0,0,0
2021-01-19,100000.0,100000,0.0,0,0
2021-01-20,100000.0,100000,0.0,0,0
2021-01-21,100000.0,100000,0.0,0,0
2021-01-22,100000.0,100000,0.0,0,0
2021-01-25,100000.0,100000,0.0,0,0
2021-01-26,100000.0,100000,0.0,0,0
2021-01-27,100000.0,100000,0.0,0,0
2021-01-28,100000.0,100000,0.0,0,0
2021-01-29,100000.0,100000,0.0,0,0
2021-02-01,100000.0,100000,0.0,0,0
2021-02-02,100000.0,100000,0.0,0,0
2021-02-03,100000.0,100000,0.0,0,0
2021-02-04,100000.0,100000,0.0,0,0
2021-02-05,100000.0,100000,0.0,0,0
2021-02-08,100000.0,100000,0.0,0,0
2021-02-09,100000.0,100000,0.0,0,0
2021-02-10,100000.0,100000,0.0,0,0
2021-02-18,100000.0,100000,0.0,0,0
2021-02-19,100000.0,100000,0.0,0,0
2021-02-22,100000.0,100000,0.0,0,0
2021-02-23,100000.0,100000,0.0,0,0
2021-02-24,100000.0,100000,0.0,0,0
2021-02-25,100000.0,100000,0.0,0,0
2021-02-26,100000.0,100000,0.0,0,0
2021-03-01,100000.0,100000,0.0,0,0
2021-03-02,100000.0,100000,0.0,0,0
2021-03-03,100000.0,100000,0.0,0,0
2021-03-04,100000.0,100000,0.0,0,0
2021-03-05,100000.0,100000,0.0,0,0
2021-03-08,100000.0,100000,0.0,0,0
2021-03-09,100000.0,100000,0.0,0,0
2021-03-10,100000.0,100000,0.0,0,0
2021-03-11,100000.0,100000,0.0,0,0
2021-03-12,100000.0,100000,0.0,0,0
2021-03-15,100000.0,100000,0.0,0,0
2021-03-16,100000.0,100000,0.0,0,0
2021-03-17,100000.0,100000,0.0,0,0
2021-03-18,100000.0,100000,0.0,0,0
2021-03-19,100000.0,100000,0.0,0,0
2021-03-22,100000.0,100000,0.0,0,0
2021-03-23,100000.0,100000,0.0,0,0
2021-03-24,100000.0,100000,0.0,0,0
2021-03-25,100000.0,100000,0.0,0,0
2021-03-26,100000.0,100000,0.0,0,0
2021-03-29,100000.0,100000,0.0,0,0
2021-03-30,100000.0,100000,0.0,0,0
2021-03-31,100000.0,100000,0.0,0,0
2021-04-01,100000.0,100000,0.0,0,0
2021-04-02,100000.0,100000,0.0,0,0
2021-04-06,100000.0,100000,0.0,0,0
2021-04-07,100000.0,100000,0.0,0,0
2021-04-08,100000.0,100000,0.0,0,0
2021-04-09,100000.0,100000,0.0,0,0
2021-04-12,100000.0,100000,0.0,0,0
2021-04-13,100000.0,100000,0.0,0,0
2021-04-14,100000.0,100000,0.0,0,0
2021-04-15,100000.0,100000,0.0,0,0
2021-04-16,100000.0,100000,0.0,0,0
2021-04-19,100000.0,100000,0.0,0,0
2021-04-20,100000.0,100000,0.0,0,0
2021-04-21,100000.0,100000,0.0,0,0
2021-04-22,100000.0,100000,0.0,0,0
2021-04-23,100000.0,100000,0.0,0,0
2021-04-26,100000.0,100000,0.0,0,0
2021-04-27,100000.0,100000,0.0,0,0
2021-04-28,100000.0,100000,0.0,0,0
2021-04-29,100000.0,100000,0.0,0,0
2021-04-30,100000.0,100000,0.0,0,0
2021-05-06,100000.0,100000,0.0,0,0
2021-05-07,100000.0,100000,0.0,0,0
2021-05-10,100000.0,100000,0.0,0,0
2021-05-11,100000.0,100000,0.0,0,0
2021-05-12,100000.0,100000,0.0,0,0
2021-05-13,100000.0,100000,0.0,0,0
2021-05-14,100000.0,100000,0.0,0,0
2021-05-17,100000.0,100000,0.0,0,0
2021-05-18,100000.0,100000,0.0,0,0
2021-05-19,100000.0,100000,0.0,0,0
2021-05-20,100000.0,100000,0.0,0,0
2021-05-21,100000.0,100000,0.0,0,0
2021-05-24,100000.0,100000,0.0,0,0
2021-05-25,100000.0,100000,0.0,0,0
2021-05-26,100000.0,100000,0.0,0,0
2021-05-27,100000.0,100000,0.0,0,0
2021-05-28,100000.0,100000,0.0,0,0
2021-05-31,100000.0,100000,0.0,0,0
2021-06-01,100000.0,100000,0.0,0,0
2021-06-02,100000.0,100000,0.0,0,0
2021-06-03,100000.0,100000,0.0,0,0
2021-06-04,100000.0,100000,0.0,0,0
2021-06-07,100000.0,100000,0.0,0,0
2021-06-08,100000.0,100000,0.0,0,0
2021-06-09,100000.0,100000,0.0,0,0
2021-06-10,100000.0,100000,0.0,0,0
2021-06-11,100000.0,100000,0.0,0,0
2021-06-15,100000.0,100000,0.0,0,0
2021-06-16,100000.0,100000,0.0,0,0
2021-06-17,100000.0,100000,0.0,0,0
2021-06-18,100000.0,100000,0.0,0,0
2021-06-21,100000.0,100000,0.0,0,0
2021-06-22,100000.0,100000,0.0,0,0
2021-06-23,100000.0,100000,0.0,0,0
2021-06-24,100000.0,100000,0.0,0,0
2021-06-25,100000.0,100000,0.0,0,0
2021-06-28,100000.0,100000,0.0,0,0
2021-06-29,100000.0,100000,0.0,0,0
2021-06-30,100000.0,100000,0.0,0,0
2021-07-01,100000.0,100000,0.0,0,0
2021-07-02,100000.0,100000,0.0,0,0
2021-07-05,100000.0,100000,0.0,0,0
2021-07-06,100000.0,100000,0.0,0,0
2021-07-07,100000.0,100000,0.0,0,0
2021-07-08,100000.0,100000,0.0,0,0
2021-07-09,100000.0,100000,0.0,0,0
2021-07-12,100000.0,100000,0.0,0,0
2021-07-13,100000.0,100000,0.0,0,0
2021-07-14,100000.0,100000,0.0,0,0
2021-07-15,100000.0,100000,0.0,0,0
2021-07-16,100000.0,100000,0.0,0,0
2021-07-19,100000.0,100000,0.0,0,0
2021-07-20,100000.0,100000,0.0,0,0
2021-07-21,100000.0,100000,0.0,0,0
2021-07-22,100000.0,100000,0.0,0,0
2021-07-23,100000.0,100000,0.0,0,0
2021-07-26,100000.0,90000,4.390066158297006,10000,1
2021-07-27,99816.10012862894,90000,4.390066158297006,10000,1
2021-07-28,99734.18149411512,90000,4.390066158297006,10000,1
2021-07-29,99738.48375895026,90000,4.390066158297006,10000,1
2021-07-30,99783.56973839596,90000,4.390066158297006,10000,1
2021-08-02,99892.44337912172,90000,4.390066158297006,10000,1
2021-08-03,99903.50634584064,90000,4.390066158297006,10000,1
2021-08-04,99918.34476945568,90000,4.390066158297006,10000,1
2021-08-05,99900.43329952983,90000,4.390066158297006,10000,1
2021-08-06,99940.33900090875,90000,4.390066158297006,10000,1
2021-08-09,100057.72936998161,90000,4.390066158297006,10000,1
2021-08-10,100126.78511065162,90000,4.390066158297006,10000,1
2021-08-11,100213.62061926273,90000,4.390066158297006,10000,1
2021-08-12,100191.80199045599,90000,4.390066158297006,10000,1
2021-08-13,100195.31404338263,90000,4.390066158297006,10000,1
2021-08-16,100299.75371728852,90000,4.390066158297006,10000,1
2021-08-17,100189.78256002317,90000,4.390066158297006,10000,1
2021-08-18,100326.26971688464,90000,4.390066158297006,10000,1
2021-08-19,100194.61163279731,90000,4.390066158297006,10000,1
2021-08-20,100160.98372602474,80000,8.710579089592208,20000,2
2021-08-23,100322.1294391822,80000,8.710579089592208,20000,2
2021-08-24,100454.6173471349,80000,8.710579089592208,20000,2
2021-08-25,100666.37152480289,80000,8.710579089592208,20000,2
2021-08-26,100603.21982640335,80000,8.710579089592208,20000,2
2021-08-27,100664.89072635765,80000,8.710579089592208,20000,2
2021-08-30,100747.3799103361,80000,8.710579089592208,20000,2
2021-08-31,101084.9148500578,80000,8.710579089592208,20000,2
2021-09-01,101222.89042283694,80000,8.710579089592208,20000,2
2021-09-02,101709.55047657245,80000,8.710579089592208,20000,2
2021-09-03,101802.4923554584,80000,8.710579089592208,20000,2
2021-09-06,102128.87775394542,80000,8.710579089592208,20000,2
2021-09-07,102490.5409977453,80000,8.710579089592208,20000,2
2021-09-08,102945.58164938558,80000,8.710579089592208,20000,2
2021-09-09,103282.76816594371,80000,8.710579089592208,20000,2
2021-09-10,102995.58037335984,80000,8.710579089592208,20000,2
2021-09-13,103373.70661163903,80000,8.710579089592208,20000,2
2021-09-14,102779.47090614706,80000,8.710579089592208,20000,2
2021-09-15,102834.87018915688,80000,8.710579089592208,20000,2
2021-09-16,102543.06578965553,80000,8.710579089592208,20000,2
2021-09-17,102529.39018048487,80000,8.710579089592208,20000,2
2021-09-22,103110.64712313336,80000,8.710579089592208,20000,2
2021-09-23,103496.09024784781,80000,8.710579089592208,20000,2
2021-09-24,103019.09893690175,80000,8.710579089592208,20000,2
2021-09-27,102366.5023515095,80000,8.710579089592208,20000,2
2021-09-28,102885.82707683099,80000,8.710579089592208,20000,2
2021-09-29,102334.01189150532,80000,8.710579089592208,20000,2
2021-09-30,102516.67273501407,80000,8.710579089592208,20000,2
2021-10-08,102542.28183753748,80000,8.710579089592208,20000,2
2021-10-11,102391.85013666021,80000,8.710579089592208,20000,2
2021-10-12,101994.99615333839,80000,8.710579089592208,20000,2
2021-10-13,101561.38352625849,80000,8.710579089592208,20000,2
2021-10-14,101473.5808890354,80000,8.710579089592208,20000,2
2021-10-15,101487.77913295143,80000,8.710579089592208,20000,2
2021-10-18,101774.44429078992,80000,8.710579089592208,20000,2
2021-10-19,101857.36900372284,80000,8.710579089592208,20000,2
2021-10-20,101822.70089894626,80000,8.710579089592208,20000,2
2021-10-21,101880.01650935577,80000,8.710579089592208,20000,2
2021-10-22,101576.45282808348,80000,8.710579089592208,20000,2
2021-10-25,101659.2904352255,80000,8.710579089592208,20000,2
2021-10-26,101490.30520088742,80000,8.710579089592208,20000,2
2021-10-27,101375.4997684866,80000,8.710579089592208,20000,2
2021-10-28,101033.78375080189,80000,8.710579089592208,20000,2
2021-10-29,101052.25017847182,80000,8.710579089592208,20000,2
2021-11-01,101159.82583022829,80000,8.710579089592208,20000,2
2021-11-02,100632.48737214437,70000,12.932357555988963,30000,3
2021-11-03,100878.20216570816,70000,12.932357555988963,30000,3
2021-11-04,101108.65677735589,70000,12.932357555988963,30000,3
2021-11-05,100581.7925305249,60000,17.161134382291955,40000,4
2021-11-08,100529.10784797126,60000,17.161134382291955,40000,4
2021-11-09,100543.35158950857,60000,17.161134382291955,40000,4
2021-11-10,100425.11137361458,60000,17.161134382291955,40000,4
2021-11-11,100724.22994589793,60000,17.161134382291955,40000,4
2021-11-12,100765.58827975925,60000,17.161134382291955,40000,4
2021-11-15,100815.18395812408,60000,17.161134382291955,40000,4
2021-11-16,100555.36438357618,60000,17.161134382291955,40000,4
2021-11-17,100729.89312024409,60000,17.161134382291955,40000,4
2021-11-18,100687.16189563216,60000,17.161134382291955,40000,4
2021-11-19,101129.57594000766,60000,17.161134382291955,40000,4
2021-11-22,101079.12220492371,60000,17.161134382291955,40000,4
2021-11-23,101176.42583687132,60000,17.161134382291955,40000,4
2021-11-24,101401.40830862317,60000,17.161134382291955,40000,4
2021-11-25,101416.51010687958,60000,17.161134382291955,40000,4
2021-11-26,101130.09077403913,60000,17.161134382291955,40000,4
2021-11-29,101158.06342308226,60000,17.161134382291955,40000,4
2021-11-30,101124.08437700532,60000,17.161134382291955,40000,4
2021-12-01,101671.35295245661,60000,17.161134382291955,40000,4
2021-12-02,101698.46754478064,60000,17.161134382291955,40000,4
2021-12-03,102295.33179859674,60000,17.161134382291955,40000,4
2021-12-06,102131.95779927733,60000,17.161134382291955,40000,4
2021-12-07,102598.9122658195,60000,17.161134382291955,40000,4
2021-12-08,102740.83484716105,60000,17.161134382291955,40000,4
2021-12-09,103080.2820852428,60000,17.161134382291955,40000,4
2021-12-10,102701.53584942559,60000,17.161134382291955,40000,4
2021-12-13,102688.15016460742,60000,17.161134382291955,40000,4
2021-12-14,102339.26430261543,60000,17.161134382291955,40000,4
2021-12-15,102576.25956843488,60000,17.161134382291955,40000,4
2021-12-16,103038.06569466235,60000,17.161134382291955,40000,4
2021-12-17,103035.83474719265,60000,17.161134382291955,40000,4
2021-12-20,102961.87025800497,60000,17.161134382291955,40000,4
2021-12-21,103482.19585247607,60000,17.161134382291955,40000,4
2021-12-22,103332.55076066247,60000,17.161134382291955,40000,4
2021-12-23,103516.68973258446,60000,17.161134382291955,40000,4
2021-12-24,103271.11389957387,60000,17.161134382291955,40000,4
2021-12-27,103560.79384794697,60000,17.161134382291955,40000,4
2021-12-28,103384.03416380935,60000,17.161134382291955,40000,4
2021-12-29,103292.90854023938,60000,17.161134382291955,40000,4
2021-12-30,103503.99049314158,60000,17.161134382291955,40000,4
2021-12-31,103964.59533996228,60000,17.161134382291955,40000,4
2022-01-04,104555.96803077607,60000,17.161134382291955,40000,4
2022-01-05,104373.20194960467,60000,17.161134382291955,40000,4
2022-01-06,104617.91972589615,60000,17.161134382291955,40000,4
2022-01-07,104958.05340935318,60000,17.161134382291955,40000,4
2022-01-10,105210.32208477287,60000,17.161134382291955,40000,4
2022-01-11,105460.18820137903,60000,17.161134382291955,40000,4
2022-01-12,105292.35230712022,60000,17.161134382291955,40000,4
2022-01-13,105108.38494654205,60000,17.161134382291955,40000,4
2022-01-14,104429.6620817224,60000,17.161134382291955,40000,4
2022-01-17,104474.79586514783,60000,17.161134382291955,40000,4
2022-01-18,104869.1587332529,60000,17.161134382291955,40000,4
2022-01-19,105142.70721530664,60000,17.161134382291955,40000,4
2022-01-20,105065.82533327397,60000,17.161134382291955,40000,4
2022-01-21,104508.2600771933,60000,17.161134382291955,40000,4
2022-01-24,104418.50734437391,60000,17.161134382291955,40000,4
2022-01-25,103109.62762503652,60000,17.161134382291955,40000,4
2022-01-26,103440.49429592708,60000,17.161134382291955,40000,4
2022-01-27,102953.97613618913,60000,17.161134382291955,40000,4
2022-01-28,102750.61669375896,60000,17.161134382291955,40000,4
2022-02-07,104022.59997417443,60000,17.161134382291955,40000,4
2022-02-08,105071.3168962763,60000,17.161134382291955,40000,4
2022-02-09,105245.84563294421,60000,17.161134382291955,40000,4
2022-02-10,105619.95836247818,60000,17.161134382291955,40000,4
2022-02-11,105435.13294518089,60000,17.161134382291955,40000,4
2022-02-14,104778.89116640206,60000,17.161134382291955,40000,4
2022-02-15,104605.22048645324,60000,17.161134382291955,40000,4
2022-02-16,104960.4559681667,60000,17.161134382291955,40000,4
2022-02-17,104723.11747965959,60000,17.161134382291955,40000,4
2022-02-18,105467.91071185106,60000,17.161134382291955,40000,4
2022-02-21,105600.73789197,60000,17.161134382291955,40000,4
2022-02-22,105173.94047988241,60000,17.161134382291955,40000,4
2022-02-23,104926.99175612122,60000,17.161134382291955,40000,4
2022-02-24,104231.9658136384,60000,17.161134382291955,40000,4
2022-02-25,104295.80523354054,60000,17.161134382291955,40000,4
2022-02-28,104221.84074435284,60000,17.161134382291955,40000,4
2022-03-01,104552.36419255579,60000,17.161134382291955,40000,4
2022-03-02,104817.67533010602,60000,17.161134382291955,40000,4
2022-03-03,105601.42433734529,60000,17.161134382291955,40000,4
2022-03-04,105273.98989333116,60000,17.161134382291955,40000,4
2022-03-07,104903.48100201748,60000,17.161134382291955,40000,4
2022-03-08,103651.06141479782,60000,17.161134382291955,40000,4
2022-03-09,103243.82769590602,60000,17.161134382291955,40000,4
2022-03-10,103961.6779471173,60000,17.161134382291955,40000,4
2022-03-11,104098.10896545651,60000,17.161134382291955,40000,4
2022-03-14,103220.48855314612,60000,17.161134382291955,40000,4
2022-03-15,100946.98147018008,50000,21.352196523170317,50000,5
2022-03-16,102186.26295638489,50000,21.352196523170317,50000,5
2022-03-17,102639.78361053701,50000,21.352196523170317,50000,5
2022-03-18,103795.79153030145,50000,21.352196523170317,50000,5
2022-03-21,103770.80946036935,50000,21.352196523170317,50000,5
2022-03-22,104387.03385202805,50000,21.352196523170317,50000,5
2022-03-23,104230.5222515132,50000,21.352196523170317,50000,5
2022-03-24,104181.62572147514,50000,21.352196523170317,50000,5
2022-03-25,104018.92198396858,50000,21.352196523170317,50000,5
2022-03-28,104497.63823001807,50000,21.352196523170317,50000,5
2022-03-29,104467.53163292039,50000,21.352196523170317,50000,5
2022-03-30,105248.1679378075,50000,21.352196523170317,50000,5
2022-03-31,105648.9486665474,50000,21.352196523170317,50000,5
2022-04-01,106059.33788372274,50000,21.352196523170317,50000,5
2022-04-06,107012.49993651707,50000,21.352196523170317,50000,5
2022-04-07,106001.90047507541,50000,21.352196523170317,50000,5
2022-04-08,106516.06136735335,50000,21.352196523170317,50000,5
2022-04-11,105745.88763876261,50000,21.352196523170317,50000,5
2022-04-12,106173.14509119124,50000,21.352196523170317,50000,5
2022-04-13,105662.18702839178,50000,21.352196523170317,50000,5
2022-04-14,106125.95673687503,50000,21.352196523170317,50000,5
2022-04-15,105906.02911268637,50000,21.352196523170317,50000,5
2022-04-18,105448.45154119484,50000,21.352196523170317,50000,5
2022-04-19,105992.71903057044,50000,21.352196523170317,50000,5
2022-04-20,104863.6148784252,50000,21.352196523170317,50000,5
2022-04-21,103818.63838058125,50000,21.352196523170317,50000,5
2022-04-22,104508.31432827965,50000,21.352196523170317,50000,5
2022-04-25,102545.4069019046,40000,25.415767020023083,60000,6
2022-04-26,102091.48130292699,40000,25.415767020023083,60000,6
2022-04-27,103096.42073089871,40000,25.415767020023083,60000,6
2022-04-28,104078.74012622259,40000,25.415767020023083,60000,6
2022-04-29,105062.0761522273,40000,25.415767020023083,60000,6
2022-05-05,105232.10763359125,40000,25.415767020023083,60000,6
2022-05-06,103653.78850164781,40000,25.415767020023083,60000,6
2022-05-09,104365.68413587866,40000,25.415767020023083,60000,6
2022-05-10,105339.61632808595,40000,25.415767020023083,60000,6
2022-05-11,105183.0552032426,40000,25.415767020023083,60000,6
2022-05-12,105214.82491201763,40000,25.415767020023083,60000,6
2022-05-13,105902.32140990924,40000,25.415767020023083,60000,6
2022-05-16,105802.43744552055,40000,25.415767020023083,60000,6
2022-05-17,105171.87226575379,40000,25.415767020023083,60000,6
2022-05-18,104993.96189661362,40000,25.415767020023083,60000,6
2022-05-19,105332.49991332034,40000,25.415767020023083,60000,6
2022-05-20,105923.67065420607,40000,25.415767020023083,60000,6
2022-05-23,105721.86946406709,40000,25.415767020023083,60000,6
2022-05-24,104134.14649832624,40000,25.415767020023083,60000,6
2022-05-25,105476.35315465367,40000,25.415767020023083,60000,6
2022-05-26,106085.31493245342,40000,25.415767020023083,60000,6
2022-05-27,106457.40176162655,40000,25.415767020023083,60000,6
2022-05-30,106372.25894210947,40000,25.415767020023083,60000,6
2022-05-31,106242.63853030736,40000,25.415767020023083,60000,6
2022-06-01,106016.18404615895,40000,25.415767020023083,60000,6
2022-06-02,105659.34667719783,40000,25.415767020023083,60000,6
2022-06-06,105699.24943141927,40000,25.415767020023083,60000,6
2022-06-07,105889.61352639923,40000,25.415767020023083,60000,6
2022-06-08,106008.30515838275,40000,25.415767020023083,60000,6
2022-06-09,106162.83302186448,40000,25.415767020023083,60000,6
2022-06-10,106405.29943923552,40000,25.415767020023083,60000,6
2022-06-13,105412.8137371036,40000,25.415767020023083,60000,6
2022-06-14,106272.62913539099,40000,25.415767020023083,60000,6
2022-06-15,106697.83491763598,40000,25.415767020023083,60000,6
2022-06-16,105890.88431475025,40000,25.415767020023083,60000,6
2022-06-17,105677.39187178205,40000,25.415767020023083,60000,6
2022-06-20,105417.64273283741,40000,25.415767020023083,60000,6
2022-06-21,105549.29640600113,40000,25.415767020023083,60000,6
2022-06-22,104756.57863264662,40000,25.415767020023083,60000,6
2022-06-23,105247.10293613306,40000,25.415767020023083,60000,6
2022-06-24,105065.1260442697,40000,25.415767020023083,60000,6
2022-06-27,105300.9843622155,40000,25.415767020023083,60000,6
2022-06-28,105654.00936612362,40000,25.415767020023083,60000,6
2022-06-29,105399.34338058298,40000,25.415767020023083,60000,6
2022-06-30,105479.14888902588,40000,25.415767020023083,60000,6
2022-07-01,105472.03247426025,40000,25.415767020023083,60000,6
2022-07-04,105598.09467867958,40000,25.415767020023083,60000,6
2022-07-05,105615.63155792339,40000,25.415767020023083,60000,6
2022-07-06,104718.70913978678,40000,25.415767020023083,60000,6
2022-07-07,104517.9245803286,40000,25.415767020023083,60000,6
2022-07-08,104602.30492683507,40000,25.415767020023083,60000,6
2022-07-11,104546.64439706123,40000,25.415767020023083,60000,6
2022-07-12,104686.43111567135,40000,25.415767020023083,60000,6
2022-07-13,104684.14369663954,40000,25.415767020023083,60000,6
2022-07-14,103876.93893608362,40000,25.415767020023083,60000,6
2022-07-15,102294.55328141699,30000,29.49570108828854,70000,7
2022-07-18,103503.58206902593,30000,29.49570108828854,70000,7
2022-07-19,103757.5400553961,30000,29.49570108828854,70000,7
2022-07-20,104056.92142144222,30000,29.49570108828854,70000,7
2022-07-21,103201.25113287097,20000,33.52509957968174,80000,8
2022-07-22,103418.4937781473,20000,33.52509957968174,80000,8
2022-07-25,103279.36461489163,20000,33.52509957968174,80000,8
2022-07-26,103865.04810454867,20000,33.52509957968174,80000,8
2022-07-27,103592.82429596165,20000,33.52509957968174,80000,8
2022-07-28,103488.56123626884,20000,33.52509957968174,80000,8
2022-07-29,102867.00589006154,20000,33.52509957968174,80000,8
2022-08-01,102529.07288629835,20000,33.52509957968174,80000,8
2022-08-02,100438.78292750519,20000,33.52509957968174,80000,8
2022-08-03,99648.93158140789,20000,33.52509957968174,80000,8
2022-08-04,100213.49425832972,20000,33.52509957968174,80000,8
2022-08-05,100756.60087152058,20000,33.52509957968174,80000,8
2022-08-08,100899.08254473422,20000,33.52509957968174,80000,8
2022-08-09,100852.81790731425,20000,33.52509957968174,80000,8
2022-08-10,100511.53239359311,20000,33.52509957968174,80000,8
2022-08-11,101628.2534605923,20000,33.52509957968174,80000,8
2022-08-12,101956.79943647317,20000,33.52509957968174,80000,8
2022-08-15,101607.46789885289,20000,33.52509957968174,80000,8
2022-08-16,101760.34235293625,20000,33.52509957968174,80000,8
2022-08-17,102192.81613751414,20000,33.52509957968174,80000,8
2022-08-18,101465.65672763083,20000,33.52509957968174,80000,8
2022-08-19,101765.706368869,20000,33.52509957968174,80000,8
2022-08-22,102181.08235266125,20000,33.52509957968174,80000,8
2022-08-23,102357.75962744617,20000,33.52509957968174,80000,8
2022-08-24,101591.37585105463,20000,33.52509957968174,80000,8
2022-08-25,102732.90549174281,20000,33.52509957968174,80000,8
2022-08-26,102712.790431995,20000,33.52509957968174,80000,8
2022-08-29,102971.93945174594,20000,33.52509957968174,80000,8
2022-08-30,103213.65541971545,20000,33.52509957968174,80000,8
2022-08-31,102906.23025656976,20000,33.52509957968174,80000,8
2022-09-01,103126.49016080829,20000,33.52509957968174,80000,8
2022-09-02,103293.10990571929,20000,33.52509957968174,80000,8
2022-09-05,104244.55223179066,20000,33.52509957968174,80000,8
2022-09-06,104803.08039078815,20000,33.52509957968174,80000,8
2022-09-07,104488.95020772655,10000,37.49308586632114,90000,9
2022-09-08,104537.69121935275,10000,37.49308586632114,90000,9
2022-09-09,105327.2956076975,10000,37.49308586632114,90000,9
2022-09-13,105062.59442148125,10000,37.49308586632114,90000,9
2022-09-14,104307.48367213355,0,41.46870735535041,100000,10
2022-09-15,104293.38431163272,0,41.46870735535041,100000,10
2022-09-16,101628.19048990434,0,41.46870735535041,100000,10
2022-09-19,101312.19893985658,0,41.46870735535041,100000,10
2022-09-20,101230.50558636655,0,41.46870735535041,100000,10
2022-09-21,102063.19723006198,0,41.46870735535041,100000,10
2022-09-22,101676.70887751011,0,41.46870735535041,100000,10
2022-09-23,101561.8405581358,0,41.46870735535041,100000,10
2022-09-26,99260.32729991384,0,41.46870735535041,100000,10
2022-09-27,100292.48342598852,0,41.46870735535041,100000,10
2022-09-28,99432.83712251212,0,41.46870735535041,100000,10
2022-09-29,98605.95109784642,0,41.46870735535041,100000,10
2022-09-30,99057.54532094618,0,41.46870735535041,100000,10
2022-10-10,99026.85847750322,0,41.46870735535041,100000,10
2022-10-11,99194.39205521885,0,41.46870735535041,100000,10
2022-10-12,100364.63897678684,0,41.46870735535041,100000,10
2022-10-13,99992.24998473578,0,41.46870735535041,100000,10
2022-10-14,101127.66319212528,0,41.46870735535041,100000,10
2022-10-17,101146.32411043518,0,41.46870735535041,100000,10
2022-10-18,101185.30469534922,0,41.46870735535041,100000,10
2022-10-19,100484.06885397024,0,41.46870735535041,100000,10
2022-10-20,100010.91090304569,0,41.46870735535041,100000,10
2022-10-21,100276.31063011993,0,41.46870735535041,100000,10
2022-10-24,98439.66158135147,0,41.46870735535041,100000,10
2022-10-25,98135.28126936319,0,41.46870735535041,100000,10
2022-10-26,98190.43465014582,0,41.46870735535041,100000,10
2022-10-27,98718.33129477943,0,41.46870735535041,100000,10
2022-10-28,96815.33231424239,0,41.46870735535041,100000,10
2022-10-31,95879.38358923214,0,41.46870735535041,100000,10
2022-11-01,97012.3086741803,0,41.46870735535041,100000,10
2022-11-02,97336.17927862558,0,41.46870735535041,100000,10
2022-11-03,96910.71034115969,0,41.46870735535041,100000,10
2022-11-04,98140.25751424584,0,41.46870735535041,100000,10
2022-11-07,98425.56222085064,0,41.46870735535041,100000,10
2022-11-08,98474.49529552997,0,41.46870735535041,100000,10
2022-11-09,98530.06336338614,0,41.46870735535041,100000,10
2022-11-10,98756.06781847279,0,41.46870735535041,100000,10
2022-11-11,100269.67563694308,0,41.46870735535041,100000,10
2022-11-14,100885.48594117003,0,41.46870735535041,100000,10
2022-11-15,101590.45396621099,0,41.46870735535041,100000,10
2022-11-16,101238.79932783761,0,41.46870735535041,100000,10
2022-11-17,101568.47555131266,0,41.46870735535041,100000,10
2022-11-18,101324.22486498964,0,41.46870735535041,100000,10
2022-11-21,101045.14046448813,0,41.46870735535041,100000,10
2022-11-22,102071.49097153304,0,41.46870735535041,100000,10
2022-11-23,102462.54088189402,0,41.46870735535041,100000,10
2022-11-24,102703.88875870215,0,41.46870735535041,100000,10
2022-11-25,104043.74269335352,0,41.46870735535041,100000,10
2022-11-28,103721.53083720244,0,41.46870735535041,100000,10
2022-11-29,105986.96632002524,0,41.46870735535041,100000,10
2022-11-30,105968.72008878888,0,41.46870735535041,100000,10
2022-12-01,105466.5340427156,0,41.46870735535041,100000,10
2022-12-02,105379.44975726935,0,41.46870735535041,100000,10
2022-12-05,108091.08853123573,0,41.46870735535041,100000,10
2022-12-06,107466.15511139059,0,41.46870735535041,100000,10
2022-12-07,107381.97363545922,0,41.46870735535041,100000,10
2022-12-08,107486.06009092116,0,41.46870735535041,100000,10
2022-12-09,106803.89985492565,0,41.46870735535041,100000,10
2022-12-12,105766.76748396833,0,41.46870735535041,100000,10
2022-12-13,106331.5712781482,0,41.46870735535041,100000,10
2022-12-14,105833.946789884,0,41.46870735535041,100000,10
2022-12-15,104917.90304440432,0,41.46870735535041,100000,10
2022-12-16,105644.02011019649,0,41.46870735535041,100000,10
2022-12-19,103433.32332108276,0,41.46870735535041,100000,10
2022-12-20,102561.6510924733,0,41.46870735535041,100000,10
2022-12-21,102672.37254111208,0,41.46870735535041,100000,10
2022-12-22,102117.52123669749,0,41.46870735535041,100000,10
2022-12-23,101752.18192489685,0,41.46870735535041,100000,10
2022-12-26,101598.74770768207,0,41.46870735535041,100000,10
2022-12-27,102707.20625529057,0,41.46870735535041,100000,10
2022-12-28,102875.98389422685,0,41.46870735535041,100000,10
2022-12-29,102313.6682224883,0,41.46870735535041,100000,10
2022-12-30,103315.55219219356,0,41.46870735535041,100000,10
2023-01-03,103929.28906105275,0,41.46870735535041,100000,10
2023-01-04,104801.37597673577,0,41.46870735535041,100000,10
2023-01-05,104796.39973185312,0,41.46870735535041,100000,10
2023-01-06,104460.50320227479,0,41.46870735535041,100000,10
2023-01-09,104481.23755595247,0,41.46870735535041,100000,10
2023-01-10,103761.34079626358,0,41.46870735535041,100000,10
2023-01-11,103812.34730631066,0,41.46870735535041,100000,10
2023-01-12,103711.1636603636,0,41.46870735535041,100000,10
2023-01-13,104825.84251407543,0,41.46870735535041,100000,10
2023-01-16,105326.78449892806,0,41.46870735535041,100000,10
2023-01-17,105083.77787382572,0,41.46870735535041,100000,10
2023-01-18,105388.57287288754,0,41.46870735535041,100000,10
2023-01-19,105789.57527301378,0,41.46870735535041,100000,10
2023-01-20,106622.26691670921,0,41.46870735535041,100000,10
2023-01-30,106704.37495727281,0,41.46870735535041,100000,10
2023-01-31,106761.6017734232,0,41.46870735535041,100000,10
2023-02-01,107351.28679201627,0,41.46870735535041,100000,10
2023-02-02,106911.71849404956,0,41.46870735535041,100000,10
2023-02-03,106187.26017655157,0,41.46870735535041,100000,10
2023-02-06,105781.2815315427,0,41.46870735535041,100000,10
2023-02-07,106282.22351639533,0,41.46870735535041,100000,10
2023-02-08,105712.85816440637,0,41.46870735535041,100000,10
2023-02-09,106468.41801242087,0,41.46870735535041,100000,10
2023-02-10,106669.54124309431,0,41.46870735535041,100000,10
2023-02-13,106805.1439161463,0,41.46870735535041,100000,10
2023-02-14,106988.8502897305,0,41.46870735535041,100000,10
2023-02-15,106530.20638638032,0,41.46870735535041,100000,10
2023-02-16,105912.32264678561,0,41.46870735535041,100000,10
2023-02-17,105682.17132096342,0,41.46870735535041,100000,10
2023-02-20,107717.04079089046,0,41.46870735535041,100000,10
2023-02-21,108427.39974788761,0,41.46870735535041,100000,10
2023-02-22,108320.41048291081,0,41.46870735535041,100000,10
2023-02-23,108553.87930532143,0,41.46870735535041,100000,10
2023-02-24,108248.2549321125,0,41.46870735535041,100000,10
2023-02-27,107825.27411708792,0,41.46870735535041,100000,10
2023-02-28,108574.61365899911,0,41.46870735535041,100000,10
2023-03-01,109394.86469048794,0,41.46870735535041,100000,10
2023-03-02,110041.77652523141,0,41.46870735535041,100000,10
2023-03-03,111134.89165111844,0,41.46870735535041,100000,10
2023-03-06,111080.15295740939,0,41.46870735535041,100000,10
2023-03-07,110723.52207415337,0,41.46870735535041,100000,10
2023-03-08,110757.52641418474,0,41.46870735535041,100000,10
2023-03-09,110533.59539446585,0,41.46870735535041,100000,10
2023-03-10,108776.56626381965,0,41.46870735535041,100000,10
2023-03-13,110405.45708873784,0,41.46870735535041,100000,10
2023-03-14,109571.10669674819,0,41.46870735535041,100000,10
2023-03-15,111149.40569869282,0,41.46870735535041,100000,10
2023-03-16,110929.62154970945,0,41.46870735535041,100000,10
2023-03-17,111956.80143090148,0,41.46870735535041,100000,10
2023-03-20,111529.25905806782,0,41.46870735535041,100000,10
2023-03-21,111457.51819434307,0,41.46870735535041,100000,10
2023-03-22,112133.87281130883,0,41.46870735535041,100000,10
2023-03-23,112396.36972886819,0,41.46870735535041,100000,10
2023-03-24,111238.56341950681,0,41.46870735535041,100000,10
2023-03-27,110052.14370207024,0,41.46870735535041,100000,10
2023-03-28,110674.1743124005,0,41.46870735535041,100000,10
2023-03-29,110037.62965449588,0,41.46870735535041,100000,10
2023-03-30,110294.32095302548,0,41.46870735535041,100000,10
2023-03-31,110696.15272729883,0,41.46870735535041,100000,10
2023-04-03,111478.25254802074,0,41.46870735535041,100000,10
2023-04-04,112808.98336705394,0,41.46870735535041,100000,10
2023-04-06,112230.4948994468,0,41.46870735535041,100000,10
2023-04-07,112134.28749838239,0,41.46870735535041,100000,10
2023-04-10,112082.4516141882,0,41.46870735535041,100000,10
2023-04-11,112975.27288354888,0,41.46870735535041,100000,10
2023-04-12,114578.8677969803,0,41.46870735535041,100000,10
2023-04-13,114541.13127328693,0,41.46870735535041,100000,10
2023-04-14,114668.44020486785,0,41.46870735535041,100000,10
2023-04-17,116266.2294992695,0,41.46870735535041,100000,10
2023-04-18,116872.91668787829,0,41.46870735535041,100000,10
2023-04-19,116758.87774265106,0,41.46870735535041,100000,10
2023-04-20,117581.20220950767,0,41.46870735535041,100000,10
2023-04-21,116294.42822027113,0,41.46870735535041,100000,10
2023-04-24,116884.11323886423,0,41.46870735535041,100000,10
2023-04-25,117987.59554159008,0,41.46870735535041,100000,10
2023-04-26,117945.29746008763,0,41.46870735535041,100000,10
2023-04-27,119138.76685777462,0,41.46870735535041,100000,10
2023-04-28,121360.24551080076,0,41.46870735535041,100000,10
2023-05-04,125774.5894087778,0,41.46870735535041,100000,10
2023-05-05,126324.04978123619,0,41.46870735535041,100000,10
2023-05-08,129697.1144375204,0,41.46870735535041,100000,10
2023-05-09,127800.75045016022,0,41.46870735535041,100000,10
2023-05-10,125060.91295519221,0,41.46870735535041,100000,10
2023-05-11,124373.77647431404,0,41.46870735535041,100000,10
2023-05-12,123320.47130748816,0,41.46870735535041,100000,10
2023-05-15,123096.54028776927,0,41.46870735535041,100000,10
2023-05-16,121966.93269940952,0,41.46870735535041,100000,10
2023-05-17,121815.98660463604,0,41.46870735535041,100000,10
2023-05-18,122832.79930898924,0,41.46870735535041,100000,10
2023-05-19,120843.13073007952,0,41.46870735535041,100000,10
2023-05-22,120528.79792832596,0,41.46870735535041,100000,10
2023-05-23,118586.81836287491,0,41.46870735535041,100000,10
2023-05-24,116863.7935722601,0,41.46870735535041,100000,10
2023-05-25,116486.01364825286,0,41.46870735535041,100000,10
2023-05-26,117800.986358491,0,41.46870735535041,100000,10
2023-05-29,118969.5745317648,0,41.46870735535041,100000,10
2023-05-30,119374.30911555301,0,41.46870735535041,100000,10
2023-05-31,118875.0258789946,0,41.46870735535041,100000,10
2023-06-01,119019.75166766478,0,41.46870735535041,100000,10
2023-06-02,118897.83366804004,0,41.46870735535041,100000,10
2023-06-05,119862.39580112549,0,41.46870735535041,100000,10
2023-06-06,119045.46226622509,0,41.46870735535041,100000,10
2023-06-07,120183.3635960559,0,41.46870735535041,100000,10
2023-06-08,121113.92138910996,0,41.46870735535041,100000,10
2023-06-09,121177.36851136365,0,41.46870735535041,100000,10
2023-06-12,120072.22746034355,0,41.46870735535041,100000,10
2023-06-13,119631.00041408263,0,41.46870735535041,100000,10
2023-06-14,118793.7472125781,0,41.46870735535041,100000,10
2023-06-15,118788.35628062193,0,41.46870735535041,100000,10
2023-06-16,118587.23304994845,0,41.46870735535041,100000,10
2023-06-19,117188.49355085248,0,41.46870735535041,100000,10
2023-06-20,116358.70471667193,0,41.46870735535041,100000,10
2023-06-21,115325.3045293766,0,41.46870735535041,100000,10
2023-06-26,113503.58421525607,0,41.46870735535041,100000,10
2023-06-27,115523.11026346163,0,41.46870735535041,100000,10
2023-06-28,115782.28968443256,0,41.46870735535041,100000,10
2023-06-29,115610.19454890785,0,41.46870735535041,100000,10
2023-06-30,115996.26821438616,0,41.46870735535041,100000,10
2023-07-03,117228.71819698719,0,41.46870735535041,100000,10
2023-07-04,116507.57737607765,0,41.46870735535041,100000,10
2023-07-05,116092.47561545057,0,41.46870735535041,100000,10
2023-07-06,115338.57451573032,0,41.46870735535041,100000,10
2023-07-07,115729.20973901772,0,41.46870735535041,100000,10
2023-07-10,115936.1385887209,0,41.46870735535041,100000,10
2023-07-11,116204.44112531003,0,41.46870735535041,100000,10
2023-07-12,115371.74948161459,0,41.46870735535041,100000,10
2023-07-13,116697.9187428387,0,41.46870735535041,100000,10
2023-07-14,116573.51262077264,0,41.46870735535041,100000,10
2023-07-17,116022.8081870936,0,41.46870735535041,100000,10
2023-07-18,115684.42353507393,0,41.46870735535041,100000,10
2023-07-19,116257.93575779843,0,41.46870735535041,100000,10
2023-07-20,115391.23977407161,0,41.46870735535041,100000,10
2023-07-21,115466.2981343848,0,41.46870735535041,100000,10
2023-07-24,115616.00016793761,0,41.46870735535041,100000,10
2023-07-25,117242.40287041444,0,41.46870735535041,100000,10
2023-07-26,117164.44170058638,0,41.46870735535041,100000,10
2023-07-27,117353.53900612678,0,41.46870735535041,100000,10
2023-07-28,119499.12992469262,0,41.46870735535041,100000,10
2023-07-31,120577.31631593173,0,41.46870735535041,100000,10
2023-08-01,120678.49996187878,0,41.46870735535041,100000,10
2023-08-02,119510.7411627521,0,41.46870735535041,100000,10
2023-08-03,120105.40242622784,0,41.46870735535041,100000,10
2023-08-04,120121.98990916998,0,41.46870735535041,100000,10
2023-08-07,119187.69993245394,0,41.46870735535041,100000,10
2023-08-08,119183.96774879195,0,41.46870735535041,100000,10
2023-08-09,118606.30865533192,0,41.46870735535041,100000,10
2023-08-10,118781.72128744505,0,41.46870735535041,100000,10
2023-08-11,116727.36152506099,0,41.46870735535041,100000,10
2023-08-14,116535.77609707927,0,41.46870735535041,100000,10
2023-08-15,117429.42674058709,0,41.46870735535041,100000,10
2023-08-16,117098.92114296493,0,41.46870735535041,100000,10
2023-08-17,117026.35090509307,0,41.46870735535041,100000,10
2023-08-18,116661.42628036598,0,41.46870735535041,100000,10
2023-08-21,115533.47744030046,0,41.46870735535041,100000,10
2023-08-22,116515.0417434016,0,41.46870735535041,100000,10
2023-08-23,116155.09336355717,0,41.46870735535041,100000,10
2023-08-24,115250.24616906342,0,41.46870735535041,100000,10
2023-08-25,115638.80795698304,0,41.46870735535041,100000,10
2023-08-28,117086.48053075832,0,41.46870735535041,100000,10
2023-08-29,116718.65309651637,0,41.46870735535041,100000,10
2023-08-30,115241.53774051879,0,41.46870735535041,100000,10
2023-08-31,114540.71658621337,0,41.46870735535041,100000,10
2023-09-01,115250.66085613696,0,41.46870735535041,100000,10
2023-09-04,116857.15857908325,0,41.46870735535041,100000,10
2023-09-05,115650.41919504254,0,41.46870735535041,100000,10
2023-09-06,115646.27232430702,0,41.46870735535041,100000,10
2023-09-07,115211.68027122294,0,41.46870735535041,100000,10
2023-09-08,114911.86151704377,0,41.46870735535041,100000,10
2023-09-11,116082.10843861174,0,41.46870735535041,100000,10
2023-09-12,115981.33947973825,0,41.46870735535041,100000,10
2023-09-13,115937.79733701512,0,41.46870735535041,100000,10
2023-09-14,116907.33571498322,0,41.46870735535041,100000,10
2023-09-15,116603.3700900685,0,41.46870735535041,100000,10
2023-09-18,116648.15629401228,0,41.46870735535041,100000,10
2023-09-19,117203.00759842688,0,41.46870735535041,100000,10
2023-09-20,117328.24309464003,0,41.46870735535041,100000,10
2023-09-21,116576.41543028752,0,41.46870735535041,100000,10
2023-09-22,117516.51102603332,0,41.46870735535041,100000,10
2023-09-25,117402.47208080611,0,41.46870735535041,100000,10
2023-09-26,117093.53021100874,0,41.46870735535041,100000,10
2023-09-27,116874.16074909893,0,41.46870735535041,100000,10
2023-09-28,116900.28603473281,0,41.46870735535041,100000,10
2023-10-09,116252.95951291578,0,41.46870735535041,100000,10
2023-10-10,115124.5959857767,0,41.46870735535041,100000,10
2023-10-11,114908.12933338177,0,41.46870735535041,100000,10
2023-10-12,116039.81035710928,0,41.46870735535041,100000,10
2023-10-13,115796.38904493338,0,41.46870735535041,100000,10
2023-10-16,116056.39784005143,0,41.46870735535041,100000,10
2023-10-17,116428.78683210247,0,41.46870735535041,100000,10
2023-10-18,115327.79265181792,0,41.46870735535041,100000,10
2023-10-19,113275.09163772807,0,41.46870735535041,100000,10
2023-10-20,112830.96178195227,0,41.46870735535041,100000,10
2023-10-23,111326.8917661737,0,41.46870735535041,100000,10
2023-10-24,112027.29823340557,0,41.46870735535041,100000,10
2023-10-25,112500.45618433013,0,41.46870735535041,100000,10
2023-10-26,113472.89737181309,0,41.46870735535041,100000,10
2023-10-27,114236.75096129865,0,41.46870735535041,100000,10
2023-10-30,112867.86893149854,0,41.46870735535041,100000,10
2023-10-31,112966.14976793072,0,41.46870735535041,100000,10
2023-11-01,112913.89919666297,0,41.46870735535041,100000,10
2023-11-02,113147.36801907359,0,41.46870735535041,100000,10
2023-11-03,112804.00712217129,0,41.46870735535041,100000,10
2023-11-06,113022.13252286044,0,41.46870735535041,100000,10
2023-11-07,112818.93585681921,0,41.46870735535041,100000,10
2023-11-08,112683.74787084079,0,41.46870735535041,100000,10
2023-11-09,112801.51899972996,0,41.46870735535041,100000,10
2023-11-10,112301.821076098,0,41.46870735535041,100000,10
2023-11-13,112337.4841644236,0,41.46870735535041,100000,10
2023-11-14,112413.78658595744,0,41.46870735535041,100000,10
2023-11-15,112962.8322713423,0,41.46870735535041,100000,10
2023-11-16,112820.17991803988,0,41.46870735535041,100000,10
2023-11-17,112652.23165325071,0,41.46870735535041,100000,10
2023-11-20,112993.1044277117,0,41.46870735535041,100000,10
2023-11-21,113315.73097093632,0,41.46870735535041,100000,10
2023-11-22,113056.96623703894,0,41.46870735535041,100000,10
2023-11-23,113641.26032367582,0,41.46870735535041,100000,10
2023-11-24,113732.90616693113,0,41.46870735535041,100000,10
2023-11-27,113138.24490345543,0,41.46870735535041,100000,10
2023-11-28,113016.74159090423,0,41.46870735535041,100000,10
2023-11-29,112111.8943964105,0,41.46870735535041,100000,10
2023-11-30,112553.12144267143,0,41.46870735535041,100000,10
2023-12-01,113095.94682195297,0,41.46870735535041,100000,10
2023-12-04,113244.81948135866,0,41.46870735535041,100000,10
2023-12-05,111836.12749249741,0,41.46870735535041,100000,10
2023-12-06,111511.42751390503,0,41.46870735535041,100000,10
2023-12-07,111689.32826845947,0,41.46870735535041,100000,10
2023-12-08,111445.49226921002,0,41.46870735535041,100000,10
2023-12-11,112525.7520958169,0,41.46870735535041,100000,10
2023-12-12,113382.49558977844,0,41.46870735535041,100000,10
2023-12-13,112810.64211534815,0,41.46870735535041,100000,10
2023-12-14,112663.42820423665,0,41.46870735535041,100000,10
2023-12-15,111862.66746520484,0,41.46870735535041,100000,10
2023-12-18,111710.4773092107,0,41.46870735535041,100000,10
2023-12-19,111417.70823528193,0,41.46870735535041,100000,10
2023-12-20,110915.10750213508,0,41.46870735535041,100000,10
2023-12-21,111176.36035847379,0,41.46870735535041,100000,10
2023-12-22,111008.41209368463,0,41.46870735535041,100000,10
2023-12-25,110851.66037988139,0,41.46870735535041,100000,10
2023-12-26,110637.68184992779,0,41.46870735535041,100000,10
2023-12-27,111330.6239498357,0,41.46870735535041,100000,10
2023-12-28,111447.56570457779,0,41.46870735535041,100000,10
2023-12-29,111909.11241744283,0,41.46870735535041,100000,10
2024-01-02,112579.2467283053,0,41.46870735535041,100000,10
2024-01-03,113626.74627610145,0,41.46870735535041,100000,10
2024-01-04,114018.62556060952,0,41.46870735535041,100000,10
2024-01-05,114435.80075660434,0,41.46870735535041,100000,10
2024-01-08,113373.37247416025,0,41.46870735535041,100000,10
2024-01-09,114180.35351929537,0,41.46870735535041,100000,10
2024-01-10,113634.2106434254,0,41.46870735535041,100000,10
2024-01-11,113153.17363810334,0,41.46870735535041,100000,10
2024-01-12,113828.69888092199,0,41.46870735535041,100000,10
2024-01-15,114563.10968818526,0,41.46870735535041,100000,10
2024-01-16,115132.88972724778,0,41.46870735535041,100000,10
2024-01-17,113908.31879904427,0,41.46870735535041,100000,10
2024-01-18,113150.27082858847,0,41.46870735535041,100000,10
2024-01-19,112709.87315647464,0,41.46870735535041,100000,10
2024-01-22,109802.50208379104,0,41.46870735535041,100000,10
2024-01-23,110426.60612948905,0,41.46870735535041,100000,10
2024-01-24,113154.83238639755,0,41.46870735535041,100000,10
2024-01-25,115887.62020111515,0,41.46870735535041,100000,10
2024-01-26,117467.57795135399,0,41.46870735535041,100000,10
2024-01-29,118038.18736456362,0,41.46870735535041,100000,10
2024-01-30,116691.69843673539,0,41.46870735535041,100000,10
2024-01-31,116320.96819297857,0,41.46870735535041,100000,10
2024-02-01,115086.44477500979,0,41.46870735535041,100000,10
2024-02-02,114832.2415989215,0,41.46870735535041,100000,10
2024-02-05,114473.95196737125,0,41.46870735535041,100000,10
2024-02-06,117011.00748337159,0,41.46870735535041,100000,10
2024-02-07,118086.7057521694,0,41.46870735535041,100000,10
2024-02-08,118180.01034371892,0,41.46870735535041,100000,10
2024-02-19,120382.82807843514,0,41.46870735535041,100000,10
2024-02-20,121537.73157828164,0,41.46870735535041,100000,10
2024-02-21,122245.60241283748,0,41.46870735535041,100000,10
2024-02-22,123085.34373678332,0,41.46870735535041,100000,10
2024-02-23,123371.06313046168,0,41.46870735535041,100000,10
2024-02-26,120906.57785233321,0,41.46870735535041,100000,10
2024-02-27,121429.49825208417,0,41.46870735535041,100000,10
2024-02-28,120593.07442472677,0,41.46870735535041,100000,10
2024-02-29,121923.80524375995,0,41.46870735535041,100000,10
2024-03-01,121730.14638041046,0,41.46870735535041,100000,10
2024-03-04,121776.1766455749,0,41.46870735535041,100000,10
2024-03-05,123068.34156676762,0,41.46870735535041,100000,10
2024-03-06,122600.98923487282,0,41.46870735535041,100000,10
2024-03-07,123067.09750554698,0,41.46870735535041,100000,10
2024-03-08,123935.86692464155,0,41.46870735535041,100000,10
2024-03-11,123590.01790529794,0,41.46870735535041,100000,10
2024-03-12,121483.40757164614,0,41.46870735535041,100000,10
2024-03-13,120905.74847818611,0,41.46870735535041,100000,10
2024-03-14,121339.51115712308,0,41.46870735535041,100000,10
2024-03-15,121976.0558150277,0,41.46870735535041,100000,10
2024-03-18,122392.40163687542,0,41.46870735535041,100000,10
2024-03-19,121352.78114347678,0,41.46870735535041,100000,10
2024-03-20,122268.41020188291,0,41.46870735535041,100000,10
2024-03-21,122552.88553434062,0,41.46870735535041,100000,10
2024-03-22,121829.67127806331,0,41.46870735535041,100000,10
2024-03-25,122156.0300049499,0,41.46870735535041,100000,10
2024-03-26,122968.40198204124,0,41.46870735535041,100000,10
2024-03-27,122783.45154723637,0,41.46870735535041,100000,10
2024-03-28,122523.02806504478,0,41.46870735535041,100000,10
2024-03-29,123517.86235449962,0,41.46870735535041,100000,10
2024-04-01,124176.3854273026,0,41.46870735535041,100000,10
2024-04-02,124684.37709240563,0,41.46870735535041,100000,10
2024-04-03,124957.6558738774,0,41.46870735535041,100000,10
2024-04-08,125471.45315801019,0,41.46870735535041,100000,10
2024-04-09,124921.16341140469,0,41.46870735535041,100000,10
2024-04-10,124934.01871068485,0,41.46870735535041,100000,10
2024-04-11,125770.8572251158,0,41.46870735535041,100000,10
2024-04-12,125261.20681171856,0,41.46870735535041,100000,10
2024-04-15,127792.45670868915,0,41.46870735535041,100000,10
2024-04-16,126864.80172514996,0,41.46870735535041,100000,10
2024-04-17,129738.9978319493,0,41.46870735535041,100000,10
2024-04-18,130231.64607533086,0,41.46870735535041,100000,10
2024-04-19,130550.54043489351,0,41.46870735535041,100000,10
2024-04-22,128902.15931751832,0,41.46870735535041,100000,10
2024-04-23,127793.7007699098,0,41.46870735535041,100000,10
2024-04-24,127938.84124565353,0,41.46870735535041,100000,10
2024-04-25,128640.49177410606,0,41.46870735535041,100000,10
2024-04-26,127573.91662092645,0,41.46870735535041,100000,10
2024-04-29,127067.58370411761,0,41.46870735535041,100000,10
2024-04-30,127556.4997638372,0,41.46870735535041,100000,10
2024-05-06,128755.36009348038,0,41.46870735535041,100000,10
2024-05-07,128413.65794487229,0,41.46870735535041,100000,10
2024-05-08,128272.66433986409,0,41.46870735535041,100000,10
2024-05-09,129247.5936497884,0,41.46870735535041,100000,10
2024-05-10,129775.07560734844,0,41.46870735535041,100000,10
2024-05-13,130974.35062406518,0,41.46870735535041,100000,10
2024-05-14,130853.26199858755,0,41.46870735535041,100000,10
2024-05-15,130136.6827354871,0,41.46870735535041,100000,10
2024-05-16,130534.36763902493,0,41.46870735535041,100000,10
2024-05-17,131569.42657461445,0,41.46870735535041,100000,10
2024-05-20,131823.2150636292,0,41.46870735535041,100000,10
2024-05-21,132431.97568760574,0,41.46870735535041,100000,10
2024-05-22,132337.42703483556,0,41.46870735535041,100000,10
2024-05-23,131061.84959658497,0,41.46870735535041,100000,10
2024-05-24,131016.64870556764,0,41.46870735535041,100000,10
2024-05-27,132945.77297173854,0,41.46870735535041,100000,10
2024-05-28,132283.10302820004,0,41.46870735535041,100000,10
2024-05-29,132008.58018550763,0,41.46870735535041,100000,10
2024-05-30,131019.96620215607,0,41.46870735535041,100000,10
2024-05-31,131299.46528973113,0,41.46870735535041,100000,10
2024-06-03,130509.07172753816,0,41.46870735535041,100000,10
2024-06-04,131476.53667013848,0,41.46870735535041,100000,10
2024-06-05,129903.21391307648,0,41.46870735535041,100000,10
2024-06-06,129710.79911094766,0,41.46870735535041,100000,10
2024-06-07,130850.77387614624,0,41.46870735535041,100000,10
2024-06-11,128666.61705973992,0,41.46870735535041,100000,10
2024-06-12,129399.36911870897,0,41.46870735535041,100000,10
2024-06-13,128126.27980289972,0,41.46870735535041,100000,10
2024-06-14,127745.18238230405,0,41.46870735535041,100000,10
2024-06-17,126915.80823519704,0,41.46870735535041,100000,10
2024-06-18,127840.14572214779,0,41.46870735535041,100000,10
2024-06-19,127682.14994712391,0,41.46870735535041,100000,10
2024-06-20,127046.4346633664,0,41.46870735535041,100000,10
2024-06-21,127174.98765616798,0,41.46870735535041,100000,10
2024-06-24,126142.41684301975,0,41.46870735535041,100000,10
2024-06-25,126450.52933867002,0,41.46870735535041,100000,10
2024-06-26,126738.73685478969,0,41.46870735535041,100000,10
2024-06-27,126543.419243146,0,41.46870735535041,100000,10
2024-06-28,127857.9772663106,0,41.46870735535041,100000,10
2024-07-01,129937.21825310787,0,41.46870735535041,100000,10
2024-07-02,130870.26416860326,0,41.46870735535041,100000,10
2024-07-03,130343.6115851903,0,41.46870735535041,100000,10
2024-07-04,129647.76667576753,0,41.46870735535041,100000,10
2024-07-05,128681.54579438786,0,41.46870735535041,100000,10
2024-07-08,128270.17621742278,0,41.46870735535041,100000,10
2024-07-09,129884.55299476658,0,41.46870735535041,100000,10
2024-07-10,128331.54990430869,0,41.46870735535041,100000,10
2024-07-11,128069.46767382289,0,41.46870735535041,100000,10
2024-07-12,128444.34478831525,0,41.46870735535041,100000,10
2024-07-15,129140.6043848116,0,41.46870735535041,100000,10
2024-07-16,128256.07685692197,0,41.46870735535041,100000,10
2024-07-17,127600.04190656032,0,41.46870735535041,100000,10
2024-07-18,128375.92142117892,0,41.46870735535041,100000,10
2024-07-19,127870.4178785172,0,41.46870735535041,100000,10
2024-07-22,126829.13863682435,0,41.46870735535041,100000,10
2024-07-23,126621.38041297406,0,41.46870735535041,100000,10
2024-07-24,127116.51677879694,0,41.46870735535041,100000,10
2024-07-25,126845.72611976649,0,41.46870735535041,100000,10
2024-07-26,126236.55080871639,0,41.46870735535041,100000,10
2024-07-29,127471.90360083229,0,41.46870735535041,100000,10
2024-07-30,127246.72851989274,0,41.46870735535041,100000,10
2024-07-31,127721.54521911149,0,41.46870735535041,100000,10
2024-08-01,128455.5413393012,0,41.46870735535041,100000,10
2024-08-02,128228.70751006743,0,41.46870735535041,100000,10
2024-08-05,126642.94414079883,0,41.46870735535041,100000,10
2024-08-06,125623.22862693077,0,41.46870735535041,100000,10
2024-08-07,125758.41661290922,0,41.46870735535041,100000,10
2024-08-08,126123.34123763628,0,41.46870735535041,100000,10
2024-08-09,125781.6390890282,0,41.46870735535041,100000,10
2024-08-12,125944.61110893473,0,41.46870735535041,100000,10
2024-08-13,126563.73890975013,0,41.46870735535041,100000,10
2024-08-14,126515.6352092179,0,41.46870735535041,100000,10
2024-08-15,127706.61648446358,0,41.46870735535041,100000,10
2024-08-16,127909.39846343124,0,41.46870735535041,100000,10
2024-08-19,129620.81201598655,0,41.46870735535041,100000,10
2024-08-20,128830.41845379357,0,41.46870735535041,100000,10
2024-08-21,127829.36385823542,0,41.46870735535041,100000,10
2024-08-22,128357.67518994257,0,41.46870735535041,100000,10
2024-08-23,128315.79179551368,0,41.46870735535041,100000,10
2024-08-26,127862.12413704614,0,41.46870735535041,100000,10
2024-08-27,127793.28608283625,0,41.46870735535041,100000,10
2024-08-28,126786.84055532189,0,41.46870735535041,100000,10
2024-08-29,123972.77407418782,0,41.46870735535041,100000,10
2024-08-30,123229.24015130638,0,41.46870735535041,100000,10
2024-09-02,123432.85150442117,0,41.46870735535041,100000,10
2024-09-03,121950.3452164674,0,41.46870735535041,100000,10
2024-09-04,121808.52223731209,0,41.46870735535041,100000,10
2024-09-05,122080.55695756318,0,41.46870735535041,100000,10
2024-09-06,121601.17870053534,0,41.46870735535041,100000,10
2024-09-09,119876.90984869987,0,41.46870735535041,100000,10
2024-09-10,120129.0395894204,0,41.46870735535041,100000,10
2024-09-11,117461.77233232425,0,41.46870735535041,100000,10
2024-09-12,118097.90230315534,0,41.46870735535041,100000,10
2024-09-13,117673.6774269101,0,41.46870735535041,100000,10
2024-09-18,118562.76651260881,0,41.46870735535041,100000,10
2024-09-19,118588.89179824266,0,41.46870735535041,100000,10
2024-09-20,118619.16395461207,0,41.46870735535041,100000,10
2024-09-23,119928.3310458205,0,41.46870735535041,100000,10
2024-09-24,124523.89319494044,0,41.46870735535041,100000,10
2024-09-25,126675.70441960957,0,41.46870735535041,100000,10
2024-09-26,130508.65704046459,0,41.46870735535041,100000,10
2024-09-27,131177.5472901064,0,41.46870735535041,100000,10
2024-09-30,139447.23691091037,0,41.46870735535041,100000,10
2024-10-08,142404.785119494,0,41.46870735535041,100000,10
2024-10-09,132592.87427214452,0,41.46870735535041,100000,10
2024-10-10,136760.89404843078,0,41.46870735535041,100000,10
2024-10-11,134731.41551045992,0,41.46870735535041,100000,10
2024-10-14,138182.02664949864,0,41.46870735535041,100000,10
2024-10-15,134915.95125819126,0,41.46870735535041,100000,10
2024-10-16,137184.70423760248,0,41.46870735535041,100000,10
2024-10-17,134997.6446116813,0,41.46870735535041,100000,10
2024-10-18,136434.12063447063,0,41.46870735535041,100000,10
2024-10-21,135540.46999096283,0,41.46870735535041,100000,10
2024-10-22,136201.89587328065,0,41.46870735535041,100000,10
2024-10-23,136608.28920536308,0,41.46870735535041,100000,10
2024-10-24,136128.91094833525,0,41.46870735535041,100000,10
2024-10-25,135620.50459615863,0,41.46870735535041,100000,10
2024-10-28,136063.3903907138,0,41.46870735535041,100000,10
2024-10-29,134779.51921099215,0,41.46870735535041,100000,10
2024-10-30,133640.37381994067,0,41.46870735535041,100000,10
2024-10-31,133588.12324867293,0,41.46870735535041,100000,10
2024-11-01,134465.60109631214,0,41.46870735535041,100000,10
2024-11-04,135693.9042081776,0,41.46870735535041,100000,10
2024-11-05,137312.84254333048,0,41.46870735535041,100000,10
2024-11-06,136439.92625350037,0,41.46870735535041,100000,10
2024-11-07,139816.72309344655,0,41.46870735535041,100000,10
2024-11-08,137997.9055888409,0,41.46870735535041,100000,10
2024-11-11,136947.08854445632,0,41.46870735535041,100000,10
2024-11-12,135757.3513304313,0,41.46870735535041,100000,10
2024-11-13,136548.15957969785,0,41.46870735535041,100000,10
2024-11-14,135616.77241249668,0,41.46870735535041,100000,10
2024-11-15,135447.99477356038,0,41.46870735535041,100000,10
2024-11-18,138005.78464323838,0,41.46870735535041,100000,10
2024-11-19,137868.5232218922,0,41.46870735535041,100000,10
2024-11-20,138009.10213982683,0,41.46870735535041,100000,10
2024-11-21,137890.08694971696,0,41.46870735535041,100000,10
2024-11-22,134353.22089937914,0,41.46870735535041,100000,10
2024-11-25,134945.80872748708,0,41.46870735535041,100000,10
2024-11-26,135234.01624360678,0,41.46870735535041,100000,10
2024-11-27,136542.76864774164,0,41.46870735535041,100000,10
2024-11-28,136415.4597161607,0,41.46870735535041,100000,10
2024-11-29,137038.73438771162,0,41.46870735535041,100000,10
2024-12-02,137457.98301907422,0,41.46870735535041,100000,10
2024-12-03,139019.69453807673,0,41.46870735535041,100000,10
2024-12-04,139108.0228847436,0,41.46870735535041,100000,10
2024-12-05,138877.8715589214,0,41.46870735535041,100000,10
2024-12-06,140619.9719549197,0,41.46870735535041,100000,10
2024-12-09,140928.4991376435,0,41.46870735535041,100000,10
2024-12-10,141104.3264568302,0,41.46870735535041,100000,10
2024-12-11,141044.1968311649,0,41.46870735535041,100000,10
2024-12-12,142341.75268431383,0,41.46870735535041,100000,10
2024-12-13,140213.1639357637,0,41.46870735535041,100000,10
2024-12-16,141778.19295135463,0,41.46870735535041,100000,10
2024-12-17,140938.4516274088,0,41.46870735535041,100000,10
2024-12-18,141786.90137989927,0,41.46870735535041,100000,10
2024-12-19,140464.04961526356,0,41.46870735535041,100000,10
2024-12-20,139922.05361012914,0,41.46870735535041,100000,10
2024-12-23,140887.85980443525,0,41.46870735535041,100000,10
2024-12-24,143048.79414472255,0,41.46870735535041,100000,10
2024-12-25,143920.46637333202,0,41.46870735535041,100000,10
2024-12-26,142968.75953952674,0,41.46870735535041,100000,10
2024-12-27,143981.84006021795,0,41.46870735535041,100000,10
2024-12-30,145198.94662109748,0,41.46870735535041,100000,10
2024-12-31,144054.82498516337,0,41.46870735535041,100000,10
2025-01-02,140346.27848637436,0,41.46870735535041,100000,10
2025-01-03,138894.45904186356,0,41.46870735535041,100000,10
2025-01-06,139404.9388294079,0,41.46870735535041,100000,10
2025-01-07,138916.4374567619,0,41.46870735535041,100000,10
2025-01-08,139539.71212831282,0,41.46870735535041,100000,10
2025-01-09,137494.47548154692,0,41.46870735535041,100000,10
2025-01-10,136054.68196216915,0,41.46870735535041,100000,10
2025-01-13,134609.08282376165,0,41.46870735535041,100000,10
2025-01-14,136856.2720753481,0,41.46870735535041,100000,10
2025-01-15,137165.628632219,0,41.46870735535041,100000,10
2025-01-16,137936.53190195496,0,41.46870735535041,100000,10
2025-01-17,137693.11058977904,0,41.46870735535041,100000,10
2025-01-20,137530.55325694606,0,41.46870735535041,100000,10
2025-01-21,136882.39736098197,0,41.46870735535041,100000,10
2025-01-22,135344.73769224557,0,41.46870735535041,100000,10
2025-01-23,137132.03897926118,0,41.46870735535041,100000,10
2025-01-24,137416.51431171887,0,41.46870735535041,100000,10
2025-01-27,139148.2475308783,0,41.46870735535041,100000,10
2025-02-05,136551.0623892127,0,41.46870735535041,100000,10
2025-02-06,136800.7040074919,0,41.46870735535041,100000,10
2025-02-07,137050.76031284468,0,41.46870735535041,100000,10
2025-02-10,136998.50974157694,0,41.46870735535041,100000,10
2025-02-11,137778.12143985752,0,41.46870735535041,100000,10
2025-02-12,137797.61173231454,0,41.46870735535041,100000,10
2025-02-13,137562.06947453614,0,41.46870735535041,100000,10
2025-02-14,137864.37635115665,0,41.46870735535041,100000,10
2025-02-17,138033.15399009295,0,41.46870735535041,100000,10
2025-02-18,138257.49969688538,0,41.46870735535041,100000,10
2025-02-19,137969.70686783924,0,41.46870735535041,100000,10
2025-02-20,137397.02401926185,0,41.46870735535041,100000,10
2025-02-21,136374.40569587893,0,41.46870735535041,100000,10
2025-02-24,136331.27824022935,0,41.46870735535041,100000,10
2025-02-25,135146.51727108698,0,41.46870735535041,100000,10
2025-02-26,136072.51350633195,0,41.46870735535041,100000,10
2025-02-27,136838.02584411172,0,41.46870735535041,100000,10
2025-02-28,135920.32335033783,0,41.46870735535041,100000,10
2025-03-03,135744.49603115115,0,41.46870735535041,100000,10
2025-03-04,136126.4228258939,0,41.46870735535041,100000,10
2025-03-05,136859.17488486296,0,41.46870735535041,100000,10
2025-03-06,136340.4013558475,0,41.46870735535041,100000,10
2025-03-07,135841.1181192891,0,41.46870735535041,100000,10
2025-03-10,135144.44383571923,0,41.46870735535041,100000,10
2025-03-11,135723.76167747346,0,41.46870735535041,100000,10
2025-03-12,135588.57369149502,0,41.46870735535041,100000,10
2025-03-13,136395.1400495566,0,41.46870735535041,100000,10
2025-03-14,137778.12143985752,0,41.46870735535041,100000,10
2025-03-17,138097.84517356727,0,41.46870735535041,100000,10
2025-03-18,138149.68105776148,0,41.46870735535041,100000,10
2025-03-19,138779.17603541567,0,41.46870735535041,100000,10
2025-03-20,138299.79777838785,0,41.46870735535041,100000,10
2025-03-21,137950.63126245578,0,41.46870735535041,100000,10
2025-03-24,138683.38332142483,0,41.46870735535041,100000,10
2025-03-25,139806.35591660772,0,41.46870735535041,100000,10
2025-03-26,139517.31902634093,0,41.46870735535041,100000,10
2025-03-27,139630.11391034746,0,41.46870735535041,100000,10
2025-03-28,139343.565142522,0,41.46870735535041,100000,10
2025-03-31,139523.95401951778,0,41.46870735535041,100000,10
2025-04-01,140289.051670224,0,41.46870735535041,100000,10
2025-04-02,140883.29824662616,0,41.46870735535041,100000,10
2025-04-03,141501.59667329444,0,41.46870735535041,100000,10
2025-04-07,133232.73642663757,0,41.46870735535041,100000,10
2025-04-08,136840.92865362662,0,41.46870735535041,100000,10
2025-04-09,137389.5596519379,0,41.46870735535041,100000,10
2025-04-10,137863.54697700954,0,41.46870735535041,100000,10
2025-04-11,137296.6697474619,0,41.46870735535041,100000,10
2025-04-14,138133.5082618929,0,41.46870735535041,100000,10
2025-04-15,138947.5389872784,0,41.46870735535041,100000,10
2025-04-16,140138.52026252408,0,41.46870735535041,100000,10
2025-04-17,139947.3495216159,0,41.46870735535041,100000,10
2025-04-18,140198.64988818933,0,41.46870735535041,100000,10
2025-04-21,139299.60831272532,0,41.46870735535041,100000,10
2025-04-22,140348.7666088157,0,41.46870735535041,100000,10
2025-04-23,139636.74890352433,0,41.46870735535041,100000,10
2025-04-24,140457.4146220867,0,41.46870735535041,100000,10
2025-04-25,140558.1835809602,0,41.46870735535041,100000,10
2025-04-28,141312.49936775403,0,41.46870735535041,100000,10
2025-04-29,140685.90719961468,0,41.46870735535041,100000,10
2025-04-30,139268.09209513527,0,41.46870735535041,100000,10
2025-05-06,139171.4700069973,0,41.46870735535041,100000,10
2025-05-07,140522.52049263462,0,41.46870735535041,100000,10
2025-05-08,141277.250966502,0,41.46870735535041,100000,10
2025-05-09,142470.30567711542,0,41.46870735535041,100000,10
2025-05-12,142762.2453768971,0,41.46870735535041,100000,10
2025-05-13,143757.90904049904,0,41.46870735535041,100000,10
2025-05-14,144756.89020068944,0,41.46870735535041,100000,10
2025-05-15,144425.96991599374,0,41.46870735535041,100000,10
2025-05-16,143140.85467505144,0,41.46870735535041,100000,10
2025-05-19,143931.24823724444,0,41.46870735535041,100000,10
2025-05-20,144262.16852194013,0,41.46870735535041,100000,10
2025-05-21,145066.6614446339,0,41.46870735535041,100000,10
2025-05-22,145638.5149190642,0,41.46870735535041,100000,10
2025-05-23,144050.6781144278,0,41.46870735535041,100000,10
2025-05-26,143277.28672225054,0,41.46870735535041,100000,10
2025-05-27,143380.54380356535,0,41.46870735535041,100000,10
2025-05-28,143846.23738716595,0,41.46870735535041,100000,10
2025-05-29,143833.79677495934,0,41.46870735535041,100000,10
2025-05-30,144523.4213782788,0,41.46870735535041,100000,10
2025-06-03,145754.21261258563,0,41.46870735535041,100000,10
2025-06-04,145941.23648275825,0,41.46870735535041,100000,10
2025-06-05,144945.15813208272,0,41.46870735535041,100000,10
2025-06-06,145150.01354641817,0,41.46870735535041,100000,10
2025-06-09,145511.20598748326,0,41.46870735535041,100000,10
2025-06-10,145453.56448425935,0,41.46870735535041,100000,10
2025-06-11,145744.26012282033,0,41.46870735535041,100000,10
2025-06-12,145937.50429909627,0,41.46870735535041,100000,10
2025-06-13,144958.84280551,0,41.46870735535041,100000,10
2025-06-16,145371.8711307693,0,41.46870735535041,100000,10
2025-06-17,145497.10662698245,0,41.46870735535041,100000,10
2025-06-18,145661.32270810963,0,41.46870735535041,100000,10
2025-06-19,144975.43028845213,0,41.46870735535041,100000,10
2025-06-20,145709.42640864183,0,41.46870735535041,100000,10
2025-06-23,146099.6469448557,0,41.46870735535041,100000,10
2025-06-24,146468.30375324475,0,41.46870735535041,100000,10
2025-06-25,147586.300103545,0,41.46870735535041,100000,10
2025-06-26,147830.96547694158,0,41.46870735535041,100000,10
2025-06-27,145522.4025384692,0,41.46870735535041,100000,10
2025-06-30,144823.65481953157,0,41.46870735535041,100000,10
2025-07-01,146236.9083662019,0,41.46870735535041,100000,10
2025-07-02,146968.00167687674,0,41.46870735535041,100000,10
2025-07-03,146859.76835067925,0,41.46870735535041,100000,10
2025-07-04,148064.4342993522,0,41.46870735535041,100000,10
2025-07-07,148674.4389845494,0,41.46870735535041,100000,10
2025-07-08,148288.36531907108,0,41.46870735535041,100000,10
2025-07-09,149083.73512614673,0,41.46870735535041,100000,10
2025-07-10,150041.6622660553,0,41.46870735535041,100000,10
2025-07-11,148550.03286248335,0,41.46870735535041,100000,10
2025-07-14,149502.15438336218,0,41.46870735535041,100000,10
2025-07-15,148049.50556470428,0,41.46870735535041,100000,10
2025-07-16,147518.70611055577,0,41.46870735535041,100000,10
2025-07-17,146980.44228908332,0,41.46870735535041,100000,10
2025-07-18,147599.15540282516,0,41.46870735535041,100000,10
2025-07-21,147996.42561928942,0,41.46870735535041,100000,10
2025-07-22,148473.7304409495,0,41.46870735535041,100000,10
2025-07-23,148501.92916195115,0,41.46870735535041,100000,10
2025-07-24,148129.54016990008,0,41.46870735535041,100000,10
2025-07-25,147104.84841114937,0,41.46870735535041,100000,10
2025-07-28,146806.6884052644,0,41.46870735535041,100000,10
2025-07-29,145788.21695261702,0,41.46870735535041,100000,10
2025-07-30,146359.24105290018,0,41.46870735535041,100000,10
2025-07-31,144343.03250128304,0,41.46870735535041,100000,10
2025-08-01,144372.47528350534,0,41.46870735535041,100000,10
2025-08-04,144909.9097308307,0,41.46870735535041,100000,10
2025-08-05,146436.7875356547,0,41.46870735535041,100000,10
2025-08-06,146302.01423674982,0,41.46870735535041,100000,10
2025-08-07,146704.2606980967,0,41.46870735535041,100000,10
2025-08-08,146824.93463650078,0,41.46870735535041,100000,10
2025-08-11,146029.56482942516,0,41.46870735535041,100000,10
2025-08-12,146627.12890241574,0,41.46870735535041,100000,10
2025-08-13,146027.07670698385,0,41.46870735535041,100000,10
2025-08-14,145704.86485083276,0,41.46870735535041,100000,10
2025-08-15,145489.6422596585,0,41.46870735535041,100000,10
2025-08-18,146199.5865295821,0,41.46870735535041,100000,10
2025-08-19,146113.33161828297,0,41.46870735535041,100000,10
2025-08-20,146978.36885371557,0,41.46870735535041,100000,10
2025-08-21,147681.67813046233,0,41.46870735535041,100000,10
2025-08-22,147437.4274441393,0,41.46870735535041,100000,10
2025-08-25,148733.73923606754,0,41.46870735535041,100000,10
2025-08-26,148303.294053719,0,41.46870735535041,100000,10
2025-08-27,145482.59257940808,0,41.46870735535041,100000,10
2025-08-28,145708.59703449474,0,41.46870735535041,100000,10
2025-08-29,145259.07624676274,0,41.46870735535041,100000,10
2025-09-01,144807.48202366297,0,41.46870735535041,100000,10
2025-09-02,145949.94491130288,0,41.46870735535041,100000,10
2025-09-03,144219.04106629055,0,41.46870735535041,100000,10
2025-09-04,144528.81231023502,0,41.46870735535041,100000,10
2025-09-05,143919.6369991849,0,41.46870735535041,100000,10
2025-09-08,144022.47939342618,0,41.46870735535041,100000,10
2025-09-09,144353.39967812187,0,41.46870735535041,100000,10
2025-09-10,144311.93097076652,0,41.46870735535041,100000,10
2025-09-11,145026.85148557278,0,41.46870735535041,100000,10
2025-09-12,143735.51593852715,0,41.46870735535041,100000,10
2025-09-15,143011.0576210292,0,41.46870735535041,100000,10
2025-09-16,142355.43735774112,0,41.46870735535041,100000,10
2025-09-17,142379.4892080072,0,41.46870735535041,100000,10
2025-09-18,139889.70801839198,0,41.46870735535041,100000,10
2025-09-19,139845.7511885953,0,41.46870735535041,100000,10
2025-09-22,139070.7010481238,0,41.46870735535041,100000,10
2025-09-23,139995.4532221481,0,41.46870735535041,100000,10
2025-09-24,140250.48577238352,0,41.46870735535041,100000,10
2025-09-25,139119.21943572955,0,41.46870735535041,100000,10
2025-09-26,139314.1223602997,0,41.46870735535041,100000,10
2025-09-29,139559.2024207698,0,41.46870735535041,100000,10
2025-09-30,138730.24296073636,0,41.46870735535041,100000,10
2025-10-09,139655.8245089078,0,41.46870735535041,100000,10
2025-10-10,141087.73897388804,0,41.46870735535041,100000,10
2025-10-13,141429.85580956968,0,41.46870735535041,100000,10
2025-10-14,143378.4703681976,0,41.46870735535041,100000,10
2025-10-15,143825.91772056185,0,41.46870735535041,100000,10
2025-10-16,144709.2011872308,0,41.46870735535041,100000,10
2025-10-17,144103.3433727691,0,41.46870735535041,100000,10
2025-10-20,144410.2118071987,0,41.46870735535041,100000,10
2025-10-21,145161.62478447767,0,41.46870735535041,100000,10
2025-10-22,145913.45244883015,0,41.46870735535041,100000,10
2025-10-23,147123.09464238572,0,41.46870735535041,100000,10
2025-10-24,146021.27108795408,0,41.46870735535041,100000,10
2025-10-27,146562.85240601495,0,41.46870735535041,100000,10
2025-10-28,146315.69891017707,0,41.46870735535041,100000,10
2025-10-29,145594.55808926752,0,41.46870735535041,100000,10
2025-10-30,145455.22323255354,0,41.46870735535041,100000,10
2025-10-31,144865.95290103403,0,41.46870735535041,100000,10
2025-11-03,146188.8046656697,0,41.46870735535041,100000,10
2025-11-04,147422.49870949137,0,41.46870735535041,100000,10
2025-11-05,147346.61097503107,0,41.46870735535041,100000,10
2025-11-06,147684.58093997717,0,41.46870735535041,100000,10
2025-11-07,147666.74939581438,0,41.46870735535041,100000,10
2025-11-10,148747.00922242124,0,41.46870735535041,100000,10
2025-11-11,149221.82592164003,0,41.46870735535041,100000,10
2025-11-12,150019.68385115697,0,41.46870735535041,100000,10
2025-11-13,149703.27761403564,0,41.46870735535041,100000,10
2025-11-14,149340.42642467635,0,41.46870735535041,100000,10
2025-11-17,147842.16202792752,0,41.46870735535041,100000,10
2025-11-18,146893.77269071067,0,41.46870735535041,100000,10
2025-11-19,147286.06666229226,0,41.46870735535041,100000,10
2025-11-20,147831.7948510887,0,41.46870735535041,100000,10
2025-11-21,145330.40242341394,0,41.46870735535041,100000,10
2025-11-24,144467.4386233491,0,41.46870735535041,100000,10
2025-11-25,145632.70930003445,0,41.46870735535041,100000,10
2025-11-26,145038.87741070584,0,41.46870735535041,100000,10
2025-11-27,145483.4219535552,0,41.46870735535041,100000,10
2025-11-28,145177.3828932727,0,41.46870735535041,100000,10
2025-12-01,146012.1479723359,0,41.46870735535041,100000,10
2025-12-02,146525.11588232158,0,41.46870735535041,100000,10
2025-12-03,146349.2885631349,0,41.46870735535041,100000,10
2025-12-04,145791.949136279,0,41.46870735535041,100000,10
2025-12-05,145623.1714973427,0,41.46870735535041,100000,10
2025-12-08,145358.18645734203,0,41.46870735535041,100000,10
2025-12-09,144626.67845959365,0,41.46870735535041,100000,10
2025-12-10,144213.23544726078,0,41.46870735535041,100000,10
2025-12-11,143300.094511296,0,41.46870735535041,100000,10
2025-12-12,142846.0121657549,0,41.46870735535041,100000,10
2025-12-15,143204.71648437867,0,41.46870735535041,100000,10
2025-12-16,142500.16314641127,0,41.46870735535041,100000,10
2025-12-17,142686.77232951036,0,41.46870735535041,100000,10
2025-12-18,144035.33469270635,0,41.46870735535041,100000,10
2025-12-19,143988.88974046835,0,41.46870735535041,100000,10
2025-12-22,143154.95403555225,0,41.46870735535041,100000,10
2025-12-23,143216.74240951173,0,41.46870735535041,100000,10
2025-12-24,143319.584803753,0,41.46870735535041,100000,10
2025-12-25,143646.77290478672,0,41.46870735535041,100000,10
2025-12-26,143346.12477646043,0,41.46870735535041,100000,10
2025-12-29,143228.7683346448,0,41.46870735535041,100000,10
2025-12-30,142743.58445858717,0,41.46870735535041,100000,10
2025-12-31,142766.8069347062,0,41.46870735535041,100000,10
2026-01-05,143254.89362027866,0,41.46870735535041,100000,10
2026-01-06,144429.70209965573,0,41.46870735535041,100000,10
2026-01-07,143829.23521715027,0,41.46870735535041,100000,10
2026-01-08,142892.87180506645,0,41.46870735535041,100000,10
2026-01-09,143122.19375674153,0,41.46870735535041,100000,10
2026-01-12,143453.94341558433,0,41.46870735535041,100000,10
2026-01-13,143550.15081664876,0,41.46870735535041,100000,10
2026-01-14,141961.89932493883,0,41.46870735535041,100000,10
2026-01-15,141431.09987079035,0,41.46870735535041,100000,10
2026-01-16,140308.12727560743,0,41.46870735535041,100000,10
2026-01-19,140767.60055310474,0,41.46870735535041,100000,10
2026-01-20,142788.37066253097,0,41.46870735535041,100000,10
2026-01-21,141592.41314240266,0,41.46870735535041,100000,10
2026-01-22,142168.41348756847,0,41.46870735535041,100000,10
2026-01-23,141660.00713539188,0,41.46870735535041,100000,10
2026-01-26,142209.0528207767,0,41.46870735535041,100000,10
2026-01-27,141504.08479573575,0,41.46870735535041,100000,10
2026-01-28,142242.64247373454,0,41.46870735535041,100000,10
2026-01-29,144501.44296338048,0,41.46870735535041,100000,10
2026-01-30,143829.23521715027,0,41.46870735535041,100000,10
2026-02-02,141881.864719743,0,41.46870735535041,100000,10
2026-02-03,141945.72652907023,0,41.46870735535041,100000,10
2026-02-04,144078.87683542946,0,41.46870735535041,100000,10
2026-02-05,144893.7369349621,0,41.46870735535041,100000,10
2026-02-06,144554.52290879533,0,41.46870735535041,100000,10
2026-02-09,145572.16498729563,0,41.46870735535041,100000,10
2026-02-10,145894.3768434467,0,41.46870735535041,100000,10
2026-02-11,146282.5239442928,0,41.46870735535041,100000,10
2026-02-12,144894.5663091092,0,41.46870735535041,100000,10
2026-02-13,143363.95632062323,0,41.46870735535041,100000,10
2026-02-24,144129.88334547656,0,41.46870735535041,100000,10
2026-02-25,144077.21808713526,0,41.46870735535041,100000,10
2026-02-26,143782.79026491227,0,41.46870735535041,100000,10
2026-02-27,144394.03901133014,0,41.46870735535041,100000,10
2026-03-02,145339.11085195857,0,41.46870735535041,100000,10
2026-03-03,145650.9555312708,0,41.46870735535041,100000,10
2026-03-04,143713.12283655527,0,41.46870735535041,100000,10
2026-03-05,144181.71922967074,0,41.46870735535041,100000,10
2026-03-06,145395.9229810354,0,41.46870735535041,100000,10
2026-03-09,144579.8188202821,0,41.46870735535041,100000,10
2026-03-10,144892.90756081502,0,41.46870735535041,100000,10
2026-03-11,146580.2692631042,0,41.46870735535041,100000,10
2026-03-12,147471.01709709712,0,41.46870735535041,100000,10
2026-03-13,147341.63473014842,0,41.46870735535041,100000,10
2026-03-16,147254.13575762865,0,41.46870735535041,100000,10
2026-03-17,147346.61097503107,0,41.46870735535041,100000,10
2026-03-18,146778.90437133634,0,41.46870735535041,100000,10
2026-03-19,145773.2882179691,0,41.46870735535041,100000,10
2026-03-20,144931.47345865547,0,41.46870735535041,100000,10
2026-03-23,139408.25632599634,0,41.46870735535041,100000,10
2026-03-24,142530.02061570712,0,41.46870735535041,100000,10
2026-03-25,144416.84680037558,0,41.46870735535041,100000,10
2026-03-26,144449.19239211275,0,41.46870735535041,100000,10
2026-03-27,143755.8356051313,0,41.46870735535041,100000,10
2026-03-30,144032.4318831915,0,41.46870735535041,100000,10
2026-03-31,143983.49880851214,0,41.46870735535041,100000,10
2026-04-01,144040.31093758898,0,41.46870735535041,100000,10
2026-04-02,144146.88551549223,0,41.46870735535041,100000,10
2026-04-03,142258.40058252958,0,41.46870735535041,100000,10
2026-04-07,141471.7392039986,0,41.46870735535041,100000,10
2026-04-08,143579.1789117975,0,41.46870735535041,100000,10
2026-04-09,142176.70722903954,0,41.46870735535041,100000,10
2026-04-10,142460.7678744237,0,41.46870735535041,100000,10
2026-04-13,141872.7416041248,0,41.46870735535041,100000,10
2026-04-14,142239.73966421967,0,41.46870735535041,100000,10
2026-04-15,143266.50485833816,0,41.46870735535041,100000,10
2026-04-16,143290.14202153072,0,41.46870735535041,100000,10
2026-04-17,142666.45266290623,0,41.46870735535041,100000,10
2026-04-20,143044.64727398704,0,41.46870735535041,100000,10
2026-04-21,143881.07110134445,0,41.46870735535041,100000,10
2026-04-22,143898.4879584337,0,41.46870735535041,100000,10
2026-04-23,144893.7369349621,0,41.46870735535041,100000,10
2026-04-24,144137.34771280052,0,41.46870735535041,100000,10
2026-04-27,143086.94535548947,0,41.46870735535041,100000,10
2026-04-28,144034.09063148568,0,41.46870735535041,100000,10
2026-04-29,144369.98716106403,0,41.46870735535041,100000,10
2026-04-30,143489.19181683636,0,41.46870735535041,100000,10
2026-05-06,143254.89362027866,0,41.46870735535041,100000,10
2026-05-07,142888.7249343309,0,41.46870735535041,100000,10
2026-05-08,142859.28215210862,0,41.46870735535041,100000,10
2026-05-11,142900.3361723904,0,41.46870735535041,100000,10
2026-05-12,142909.87397508213,0,41.46870735535041,100000,10
2026-05-13,142860.11152625573,0,41.46870735535041,100000,10
2026-05-14,142170.48692293625,0,41.46870735535041,100000,10
2026-05-15,140804.507702651,0,41.46870735535041,100000,10
2026-05-18,139935.7382835564,0,41.46870735535041,100000,10
2026-05-19,141334.06309557884,0,41.46870735535041,100000,10
2026-05-20,140201.96738477776,0,41.46870735535041,100000,10
2026-05-21,139375.91073425917,0,41.46870735535041,100000,10
2026-05-22,139087.28853106595,0,41.46870735535041,100000,10
2026-05-25,139281.36208148897,0,41.46870735535041,100000,10
2026-05-26,139381.71635328894,0,41.46870735535041,100000,10
2026-05-27,138363.24490064153,0,41.46870735535041,100000,10
2026-05-28,137498.2076652089,0,41.46870735535041,100000,10
2026-05-29,139832.4812022416,0,41.46870735535041,100000,10
2026-06-01,141451.83422446804,0,41.46870735535041,100000,10
2026-06-02,141234.53819792598,0,41.46870735535041,100000,10
