日期,持仓市值,现金,持仓点数,累计投入
2020-04-24,100000.0,100000.0,0.0,0.0
2020-04-27,100000.0,100000.0,0.0,0.0
2020-04-28,100000.0,100000.0,0.0,0.0
2020-04-29,100000.0,100000.0,0.0,0.0
2020-04-30,100000.0,100000.0,0.0,0.0
2020-05-06,100000.0,100000.0,0.0,0.0
2020-05-07,100000.0,100000.0,0.0,0.0
2020-05-08,100000.0,100000.0,0.0,0.0
2020-05-11,100000.0,100000.0,0.0,0.0
2020-05-12,100000.0,100000.0,0.0,0.0
2020-05-13,100000.0,100000.0,0.0,0.0
2020-05-14,100000.0,100000.0,0.0,0.0
2020-05-15,100000.0,100000.0,0.0,0.0
2020-05-18,100000.0,100000.0,0.0,0.0
2020-05-19,100000.0,100000.0,0.0,0.0
2020-05-20,100000.0,100000.0,0.0,0.0
2020-05-21,100000.0,100000.0,0.0,0.0
2020-05-22,100000.0,100000.0,0.0,0.0
2020-05-25,100000.0,100000.0,0.0,0.0
2020-05-26,100000.0,100000.0,0.0,0.0
2020-05-27,100000.0,100000.0,0.0,0.0
2020-05-28,100000.0,100000.0,0.0,0.0
2020-05-29,100000.0,100000.0,0.0,0.0
2020-06-01,100000.0,100000.0,0.0,0.0
2020-06-02,100000.0,100000.0,0.0,0.0
2020-06-03,100000.0,100000.0,0.0,0.0
2020-06-04,100000.0,100000.0,0.0,0.0
2020-06-05,100000.0,100000.0,0.0,0.0
2020-06-08,100000.0,100000.0,0.0,0.0
2020-06-09,100000.0,100000.0,0.0,0.0
2020-06-10,100000.0,100000.0,0.0,0.0
2020-06-11,100000.0,100000.0,0.0,0.0
2020-06-12,100000.0,100000.0,0.0,0.0
2020-06-15,100000.0,100000.0,0.0,0.0
2020-06-16,100000.0,100000.0,0.0,0.0
2020-06-17,100000.0,100000.0,0.0,0.0
2020-06-18,100000.0,100000.0,0.0,0.0
2020-06-19,100000.0,100000.0,0.0,0.0
2020-06-22,100000.0,100000.0,0.0,0.0
2020-06-23,100000.0,100000.0,0.0,0.0
2020-06-24,100000.0,100000.0,0.0,0.0
2020-06-29,100000.0,100000.0,0.0,0.0
2020-06-30,100000.0,100000.0,0.0,0.0
2020-07-01,100000.0,100000.0,0.0,0.0
2020-07-02,100000.0,100000.0,0.0,0.0
2020-07-03,100000.0,100000.0,0.0,0.0
2020-07-06,100000.0,100000.0,0.0,0.0
2020-07-07,100000.0,100000.0,0.0,0.0
2020-07-08,100000.0,100000.0,0.0,0.0
2020-07-09,100000.0,100000.0,0.0,0.0
2020-07-10,100000.0,100000.0,0.0,0.0
2020-07-13,100000.0,100000.0,0.0,0.0
2020-07-14,100000.0,100000.0,0.0,0.0
2020-07-15,100000.0,100000.0,0.0,0.0
2020-07-16,100000.0,100000.0,0.0,0.0
2020-07-17,100000.0,100000.0,0.0,0.0
2020-07-20,100000.0,100000.0,0.0,0.0
2020-07-21,100000.0,100000.0,0.0,0.0
2020-07-22,100000.0,100000.0,0.0,0.0
2020-07-23,100000.0,100000.0,0.0,0.0
2020-07-24,100000.0,100000.0,0.0,0.0
2020-07-27,100000.0,100000.0,0.0,0.0
2020-07-28,100000.0,100000.0,0.0,0.0
2020-07-29,100000.0,100000.0,0.0,0.0
2020-07-30,100000.0,100000.0,0.0,0.0
2020-07-31,100000.0,100000.0,0.0,0.0
2020-08-03,100000.0,100000.0,0.0,0.0
2020-08-04,100000.0,100000.0,0.0,0.0
2020-08-05,100000.0,100000.0,0.0,0.0
2020-08-06,100000.0,100000.0,0.0,0.0
2020-08-07,100000.0,100000.0,0.0,0.0
2020-08-10,100000.0,100000.0,0.0,0.0
2020-08-11,100000.0,100000.0,0.0,0.0
2020-08-12,100000.0,100000.0,0.0,0.0
2020-08-13,100000.0,100000.0,0.0,0.0
2020-08-14,100000.0,100000.0,0.0,0.0
2020-08-17,100000.0,100000.0,0.0,0.0
2020-08-18,100000.0,100000.0,0.0,0.0
2020-08-19,100000.0,100000.0,0.0,0.0
2020-08-20,100000.0,100000.0,0.0,0.0
2020-08-21,100000.0,100000.0,0.0,0.0
2020-08-24,100000.0,100000.0,0.0,0.0
2020-08-25,100000.0,100000.0,0.0,0.0
2020-08-26,100000.0,100000.0,0.0,0.0
2020-08-27,100000.0,100000.0,0.0,0.0
2020-08-28,100000.0,100000.0,0.0,0.0
2020-08-31,100000.0,100000.0,0.0,0.0
2020-09-01,100000.0,100000.0,0.0,0.0
2020-09-02,100000.0,100000.0,0.0,0.0
2020-09-03,100000.0,100000.0,0.0,0.0
2020-09-04,100000.0,100000.0,0.0,0.0
2020-09-07,100000.0,100000.0,0.0,0.0
2020-09-08,100000.0,100000.0,0.0,0.0
2020-09-09,100000.0,100000.0,0.0,0.0
2020-09-10,100000.0,100000.0,0.0,0.0
2020-09-11,100000.0,100000.0,0.0,0.0
2020-09-14,100000.0,100000.0,0.0,0.0
2020-09-15,100000.0,100000.0,0.0,0.0
2020-09-16,100000.0,100000.0,0.0,0.0
2020-09-17,100000.0,100000.0,0.0,0.0
2020-09-18,100000.0,100000.0,0.0,0.0
2020-09-21,100000.0,100000.0,0.0,0.0
2020-09-22,100000.0,100000.0,0.0,0.0
2020-09-23,100000.0,100000.0,0.0,0.0
2020-09-24,100000.0,100000.0,0.0,0.0
2020-09-25,100000.0,100000.0,0.0,0.0
2020-09-28,100000.0,100000.0,0.0,0.0
2020-09-29,100000.0,100000.0,0.0,0.0
2020-09-30,100000.0,100000.0,0.0,0.0
2020-10-09,100000.0,100000.0,0.0,0.0
2020-10-12,100000.0,100000.0,0.0,0.0
2020-10-13,100000.0,100000.0,0.0,0.0
2020-10-14,100000.0,100000.0,0.0,0.0
2020-10-15,100000.0,100000.0,0.0,0.0
2020-10-16,100000.0,100000.0,0.0,0.0
2020-10-19,100000.0,100000.0,0.0,0.0
2020-10-20,100000.0,100000.0,0.0,0.0
2020-10-21,100000.0,100000.0,0.0,0.0
2020-10-22,100000.0,100000.0,0.0,0.0
2020-10-23,100000.0,100000.0,0.0,0.0
2020-10-26,100000.0,100000.0,0.0,0.0
2020-10-27,100000.0,100000.0,0.0,0.0
2020-10-28,100000.0,100000.0,0.0,0.0
2020-10-29,100000.0,100000.0,0.0,0.0
2020-10-30,100000.0,100000.0,0.0,0.0
2020-11-02,100000.0,100000.0,0.0,0.0
2020-11-03,100000.0,100000.0,0.0,0.0
2020-11-04,100000.0,100000.0,0.0,0.0
2020-11-05,100000.0,100000.0,0.0,0.0
2020-11-06,100000.0,100000.0,0.0,0.0
2020-11-09,100000.0,100000.0,0.0,0.0
2020-11-10,100000.0,100000.0,0.0,0.0
2020-11-11,100000.0,100000.0,0.0,0.0
2020-11-12,100000.0,100000.0,0.0,0.0
2020-11-13,100000.0,100000.0,0.0,0.0
2020-11-16,100000.0,100000.0,0.0,0.0
2020-11-17,100000.0,100000.0,0.0,0.0
2020-11-18,100000.0,100000.0,0.0,0.0
2020-11-19,100000.0,100000.0,0.0,0.0
2020-11-20,100000.0,100000.0,0.0,0.0
2020-11-23,100000.0,100000.0,0.0,0.0
2020-11-24,100000.0,100000.0,0.0,0.0
2020-11-25,100000.0,100000.0,0.0,0.0
2020-11-26,100000.0,100000.0,0.0,0.0
2020-11-27,100000.0,100000.0,0.0,0.0
2020-11-30,100000.0,100000.0,0.0,0.0
2020-12-01,100000.0,100000.0,0.0,0.0
2020-12-02,100000.0,100000.0,0.0,0.0
2020-12-03,100000.0,100000.0,0.0,0.0
2020-12-04,100000.0,100000.0,0.0,0.0
2020-12-07,100000.0,100000.0,0.0,0.0
2020-12-08,100000.0,100000.0,0.0,0.0
2020-12-09,100000.0,100000.0,0.0,0.0
2020-12-10,100000.0,100000.0,0.0,0.0
2020-12-11,100000.0,100000.0,0.0,0.0
2020-12-14,100000.0,100000.0,0.0,0.0
2020-12-15,100000.0,100000.0,0.0,0.0
2020-12-16,100000.0,100000.0,0.0,0.0
2020-12-17,100000.0,100000.0,0.0,0.0
2020-12-18,100000.0,100000.0,0.0,0.0
2020-12-21,100000.0,100000.0,0.0,0.0
2020-12-22,100000.0,100000.0,0.0,0.0
2020-12-23,100000.0,100000.0,0.0,0.0
2020-12-24,100000.0,100000.0,0.0,0.0
2020-12-25,100000.0,100000.0,0.0,0.0
2020-12-28,100000.0,100000.0,0.0,0.0
2020-12-29,100000.0,100000.0,0.0,0.0
2020-12-30,100000.0,100000.0,0.0,0.0
2020-12-31,100000.0,100000.0,0.0,0.0
2021-01-04,100000.0,100000.0,0.0,0.0
2021-01-05,100000.0,100000.0,0.0,0.0
2021-01-06,100000.0,100000.0,0.0,0.0
2021-01-07,100000.0,100000.0,0.0,0.0
2021-01-08,100000.0,100000.0,0.0,0.0
2021-01-11,100000.0,100000.0,0.0,0.0
2021-01-12,100000.0,100000.0,0.0,0.0
2021-01-13,100000.0,100000.0,0.0,0.0
2021-01-14,100000.0,100000.0,0.0,0.0
2021-01-15,100000.0,100000.0,0.0,0.0
2021-01-18,100000.0,100000.0,0.0,0.0
2021-01-19,100000.0,100000.0,0.0,0.0
2021-01-20,100000.0,100000.0,0.0,0.0
2021-01-21,100000.0,100000.0,0.0,0.0
2021-01-22,100000.0,100000.0,0.0,0.0
2021-01-25,100000.0,100000.0,0.0,0.0
2021-01-26,100000.0,100000.0,0.0,0.0
2021-01-27,100000.0,100000.0,0.0,0.0
2021-01-28,100000.0,100000.0,0.0,0.0
2021-01-29,100000.0,100000.0,0.0,0.0
2021-02-01,100000.0,100000.0,0.0,0.0
2021-02-02,100000.0,100000.0,0.0,0.0
2021-02-03,100000.0,100000.0,0.0,0.0
2021-02-04,100000.0,100000.0,0.0,0.0
2021-02-05,100000.0,100000.0,0.0,0.0
2021-02-08,100000.0,100000.0,0.0,0.0
2021-02-09,100000.0,100000.0,0.0,0.0
2021-02-10,100000.0,100000.0,0.0,0.0
2021-02-18,100000.0,100000.0,0.0,0.0
2021-02-19,100000.0,100000.0,0.0,0.0
2021-02-22,100000.0,100000.0,0.0,0.0
2021-02-23,100000.0,100000.0,0.0,0.0
2021-02-24,100000.0,100000.0,0.0,0.0
2021-02-25,100000.0,100000.0,0.0,0.0
2021-02-26,100000.0,100000.0,0.0,0.0
2021-03-01,100000.0,100000.0,0.0,0.0
2021-03-02,100000.0,100000.0,0.0,0.0
2021-03-03,100000.0,100000.0,0.0,0.0
2021-03-04,100000.0,100000.0,0.0,0.0
2021-03-05,100000.0,100000.0,0.0,0.0
2021-03-08,100000.0,100000.0,0.0,0.0
2021-03-09,100000.0,100000.0,0.0,0.0
2021-03-10,100000.0,100000.0,0.0,0.0
2021-03-11,100000.0,100000.0,0.0,0.0
2021-03-12,100000.0,100000.0,0.0,0.0
2021-03-15,100000.0,100000.0,0.0,0.0
2021-03-16,100000.0,100000.0,0.0,0.0
2021-03-17,100000.0,100000.0,0.0,0.0
2021-03-18,100000.0,100000.0,0.0,0.0
2021-03-19,100000.0,100000.0,0.0,0.0
2021-03-22,100000.0,100000.0,0.0,0.0
2021-03-23,100000.0,100000.0,0.0,0.0
2021-03-24,100000.0,100000.0,0.0,0.0
2021-03-25,100000.0,100000.0,0.0,0.0
2021-03-26,100000.0,100000.0,0.0,0.0
2021-03-29,100000.0,100000.0,0.0,0.0
2021-03-30,100000.0,100000.0,0.0,0.0
2021-03-31,100000.0,100000.0,0.0,0.0
2021-04-01,100000.0,100000.0,0.0,0.0
2021-04-02,100000.0,100000.0,0.0,0.0
2021-04-06,100000.0,100000.0,0.0,0.0
2021-04-07,100000.0,100000.0,0.0,0.0
2021-04-08,100000.0,100000.0,0.0,0.0
2021-04-09,100000.0,100000.0,0.0,0.0
2021-04-12,100000.0,100000.0,0.0,0.0
2021-04-13,100000.0,100000.0,0.0,0.0
2021-04-14,100000.0,100000.0,0.0,0.0
2021-04-15,100000.0,100000.0,0.0,0.0
2021-04-16,100000.0,100000.0,0.0,0.0
2021-04-19,100000.0,100000.0,0.0,0.0
2021-04-20,100000.0,100000.0,0.0,0.0
2021-04-21,100000.0,100000.0,0.0,0.0
2021-04-22,100000.0,100000.0,0.0,0.0
2021-04-23,100000.0,100000.0,0.0,0.0
2021-04-26,100000.0,100000.0,0.0,0.0
2021-04-27,100000.0,100000.0,0.0,0.0
2021-04-28,100000.0,100000.0,0.0,0.0
2021-04-29,100000.0,100000.0,0.0,0.0
2021-04-30,100000.0,100000.0,0.0,0.0
2021-05-06,100000.0,100000.0,0.0,0.0
2021-05-07,100000.0,100000.0,0.0,0.0
2021-05-10,100000.0,100000.0,0.0,0.0
2021-05-11,100000.0,100000.0,0.0,0.0
2021-05-12,100000.0,100000.0,0.0,0.0
2021-05-13,100000.0,100000.0,0.0,0.0
2021-05-14,100000.0,100000.0,0.0,0.0
2021-05-17,100000.0,100000.0,0.0,0.0
2021-05-18,100000.0,100000.0,0.0,0.0
2021-05-19,100000.0,100000.0,0.0,0.0
2021-05-20,100000.0,100000.0,0.0,0.0
2021-05-21,100000.0,100000.0,0.0,0.0
2021-05-24,100000.0,100000.0,0.0,0.0
2021-05-25,100000.0,100000.0,0.0,0.0
2021-05-26,100000.0,100000.0,0.0,0.0
2021-05-27,100000.0,100000.0,0.0,0.0
2021-05-28,100000.0,100000.0,0.0,0.0
2021-05-31,100000.0,100000.0,0.0,0.0
2021-06-01,100000.0,100000.0,0.0,0.0
2021-06-02,100000.0,100000.0,0.0,0.0
2021-06-03,100000.0,100000.0,0.0,0.0
2021-06-04,100000.0,100000.0,0.0,0.0
2021-06-07,100000.0,100000.0,0.0,0.0
2021-06-08,100000.0,100000.0,0.0,0.0
2021-06-09,100000.0,100000.0,0.0,0.0
2021-06-10,100000.0,100000.0,0.0,0.0
2021-06-11,100000.0,100000.0,0.0,0.0
2021-06-15,100000.0,100000.0,0.0,0.0
2021-06-16,100000.0,100000.0,0.0,0.0
2021-06-17,100000.0,100000.0,0.0,0.0
2021-06-18,100000.0,100000.0,0.0,0.0
2021-06-21,100000.0,100000.0,0.0,0.0
2021-06-22,100000.0,100000.0,0.0,0.0
2021-06-23,100000.0,100000.0,0.0,0.0
2021-06-24,100000.0,100000.0,0.0,0.0
2021-06-25,100000.0,100000.0,0.0,0.0
2021-06-28,100000.0,100000.0,0.0,0.0
2021-06-29,100000.0,100000.0,0.0,0.0
2021-06-30,100000.0,100000.0,0.0,0.0
2021-07-01,100000.0,100000.0,0.0,0.0
2021-07-02,100000.0,100000.0,0.0,0.0
2021-07-05,100000.0,100000.0,0.0,0.0
2021-07-06,100000.0,100000.0,0.0,0.0
2021-07-07,100000.0,100000.0,0.0,0.0
2021-07-08,100000.0,100000.0,0.0,0.0
2021-07-09,100000.0,100000.0,0.0,0.0
2021-07-12,100000.0,100000.0,0.0,0.0
2021-07-13,100000.0,100000.0,0.0,0.0
2021-07-14,100000.0,100000.0,0.0,0.0
2021-07-15,100000.0,100000.0,0.0,0.0
2021-07-16,100000.0,100000.0,0.0,0.0
2021-07-19,100000.0,100000.0,0.0,0.0
2021-07-20,100000.0,100000.0,0.0,0.0
2021-07-21,100000.0,100000.0,0.0,0.0
2021-07-22,100000.0,100000.0,0.0,0.0
2021-07-23,100000.0,100000.0,0.0,0.0
2021-07-26,100000.0,80000.0,8.780132316594011,20000.0
2021-07-27,99632.20025725788,80000.0,8.780132316594011,20000.0
2021-07-28,99468.36298823023,80000.0,8.780132316594011,20000.0
2021-07-29,99476.9675179005,80000.0,8.780132316594011,20000.0
2021-07-30,99567.13947679193,80000.0,8.780132316594011,20000.0
2021-08-02,99784.88675824345,80000.0,8.780132316594011,20000.0
2021-08-03,99807.01269168126,80000.0,8.780132316594011,20000.0
2021-08-04,99836.68953891135,80000.0,8.780132316594011,20000.0
2021-08-05,99800.86659905965,80000.0,8.780132316594011,20000.0
2021-08-06,99880.67800181749,80000.0,8.780132316594011,20000.0
2021-08-09,100115.45873996321,80000.0,8.780132316594011,20000.0
2021-08-10,100253.57022130323,80000.0,8.780132316594011,20000.0
2021-08-11,100427.24123852547,80000.0,8.780132316594011,20000.0
2021-08-12,100383.603980912,80000.0,8.780132316594011,20000.0
2021-08-13,100390.62808676527,80000.0,8.780132316594011,20000.0
2021-08-16,100599.50743457704,80000.0,8.780132316594011,20000.0
2021-08-17,100379.56512004636,80000.0,8.780132316594011,20000.0
2021-08-18,100652.53943376927,80000.0,8.780132316594011,20000.0
2021-08-19,100389.22326559461,80000.0,8.780132316594011,20000.0
2021-08-20,100321.9674520495,64000.0,15.692953006666336,36000.0
2021-08-23,100612.28708267282,64000.0,15.692953006666336,36000.0
2021-08-24,100850.97689790421,64000.0,15.692953006666336,36000.0
2021-08-25,101232.47258549629,64000.0,15.692953006666336,36000.0
2021-08-26,101118.69867619795,64000.0,15.692953006666336,36000.0
2021-08-27,101229.80478348515,64000.0,15.692953006666336,36000.0
2021-08-30,101378.41704845827,64000.0,15.692953006666336,36000.0
2021-08-31,101986.51897746659,64000.0,15.692953006666336,36000.0
2021-09-01,102235.09535309218,64000.0,15.692953006666336,36000.0
2021-09-02,103111.86063757465,64000.0,15.692953006666336,36000.0
2021-09-03,103279.30444615576,64000.0,15.692953006666336,36000.0
2021-09-06,103867.31939531557,64000.0,15.692953006666336,36000.0
2021-09-07,104518.89080415235,64000.0,15.692953006666336,36000.0
2021-09-08,105338.6906692206,64000.0,15.692953006666336,36000.0
2021-09-09,105946.16488010864,64000.0,15.692953006666336,36000.0
2021-09-10,105428.76821947886,64000.0,15.692953006666336,36000.0
2021-09-13,106109.99930949823,64000.0,15.692953006666336,36000.0
2021-09-14,105039.42605538346,64000.0,15.692953006666336,36000.0
2021-09-15,105139.23323650587,64000.0,15.692953006666336,36000.0
2021-09-16,104613.51931078255,64000.0,15.692953006666336,36000.0
2021-09-17,104588.88137456207,64000.0,15.692953006666336,36000.0
2021-09-22,105636.07212869692,64000.0,15.692953006666336,36000.0
2021-09-23,106330.4852992419,64000.0,15.692953006666336,36000.0
2021-09-24,105471.13919259686,64000.0,15.692953006666336,36000.0
2021-09-27,104295.42315333741,64000.0,15.692953006666336,36000.0
2021-09-28,105231.03701159486,64000.0,15.692953006666336,36000.0
2021-09-29,104236.88843862255,64000.0,15.692953006666336,36000.0
2021-09-30,104565.96966317235,64000.0,15.692953006666336,36000.0
2021-10-08,104612.10694501194,64000.0,15.692953006666336,36000.0
2021-10-11,104341.08964658683,64000.0,15.692953006666336,36000.0
2021-10-12,103626.1187076031,64000.0,15.692953006666336,36000.0
2021-10-13,102844.92350693126,64000.0,15.692953006666336,36000.0
2021-10-14,102686.73854062405,64000.0,15.692953006666336,36000.0
2021-10-15,102712.31805402492,64000.0,15.692953006666336,36000.0
2021-10-18,103228.77313747432,64000.0,15.692953006666336,36000.0
2021-10-19,103378.17005009777,64000.0,15.692953006666336,36000.0
2021-10-20,103315.71209713124,64000.0,15.692953006666336,36000.0
2021-10-21,103418.97172791511,64000.0,15.692953006666336,36000.0
2021-10-22,102872.07231563277,64000.0,15.692953006666336,36000.0
2021-10-25,103021.31229872617,64000.0,15.692953006666336,36000.0
2021-10-26,102716.86901039685,64000.0,15.692953006666336,36000.0
2021-10-27,102510.03588976899,64000.0,15.692953006666336,36000.0
2021-10-28,101894.40134331747,64000.0,15.692953006666336,36000.0
2021-10-29,101927.6704036916,64000.0,15.692953006666336,36000.0
2021-11-01,102121.47837332393,64000.0,15.692953006666336,36000.0
2021-11-02,101171.42699830035,51200.0,21.09682944365418,48800.0
2021-11-03,101572.26675772978,51200.0,21.09682944365418,48800.0
2021-11-04,101948.21225841569,51200.0,21.09682944365418,48800.0
2021-11-05,101088.72742688122,40960.0,25.427096913788443,59040.0
2021-11-08,101010.6662393559,40960.0,25.427096913788443,59040.0
2021-11-09,101031.77072979434,40960.0,25.427096913788443,59040.0
2021-11-10,100856.57803205833,40960.0,25.427096913788443,59040.0
2021-11-11,101299.77233126567,40960.0,25.427096913788443,59040.0
2021-11-12,101361.05163482789,40960.0,25.427096913788443,59040.0
2021-11-15,101434.53594490874,40960.0,25.427096913788443,59040.0
2021-11-16,101049.569697634,40960.0,25.427096913788443,59040.0
2021-11-17,101308.16327324722,40960.0,25.427096913788443,59040.0
2021-11-18,101244.84980193188,40960.0,25.427096913788443,59040.0
2021-11-19,101900.36036036935,40960.0,25.427096913788443,59040.0
2021-11-22,101825.6046954428,40960.0,25.427096913788443,59040.0
2021-11-23,101969.77633494399,40960.0,25.427096913788443,59040.0
2021-11-24,102303.12557548376,40960.0,25.427096913788443,59040.0
2021-11-25,102325.50142076789,40960.0,25.427096913788443,59040.0
2021-11-26,101901.12317327675,40960.0,25.427096913788443,59040.0
2021-11-29,101942.56934124624,40960.0,25.427096913788443,59040.0
2021-11-30,101892.22368935694,40960.0,25.427096913788443,59040.0
2021-12-01,102703.09380993765,40960.0,25.427096913788443,59040.0
2021-12-02,102743.26862306145,40960.0,25.427096913788443,59040.0
2021-12-03,103627.62305372299,40960.0,25.427096913788443,59040.0
2021-12-06,103385.55709110372,40960.0,25.427096913788443,59040.0
2021-12-07,104077.42839812791,40960.0,25.427096913788443,59040.0
2021-12-08,104287.71048960494,40960.0,25.427096913788443,59040.0
2021-12-09,104790.65846655969,40960.0,25.427096913788443,59040.0
2021-12-10,104229.48243767237,40960.0,25.427096913788443,59040.0
2021-12-13,104209.6493020796,40960.0,25.427096913788443,59040.0
2021-12-14,103692.71642182229,40960.0,25.427096913788443,59040.0
2021-12-15,104043.86463020172,40960.0,25.427096913788443,59040.0
2021-12-16,104728.10780815176,40960.0,25.427096913788443,59040.0
2021-12-17,104724.80228555297,40960.0,25.427096913788443,59040.0
2021-12-20,104615.21149785454,40960.0,25.427096913788443,59040.0
2021-12-21,105386.16107628061,40960.0,25.427096913788443,59040.0
2021-12-22,105164.43679119236,40960.0,25.427096913788443,59040.0
2021-12-23,105437.26954107732,40960.0,25.427096913788443,59040.0
2021-12-24,105073.40778424102,40960.0,25.427096913788443,59040.0
2021-12-27,105502.61718014575,40960.0,25.427096913788443,59040.0
2021-12-28,105240.71808193374,40960.0,25.427096913788443,59040.0
2021-12-29,105105.70019732151,40960.0,25.427096913788443,59040.0
2021-12-30,105418.45348936113,40960.0,25.427096913788443,59040.0
2021-12-31,106100.9167705272,40960.0,25.427096913788443,59040.0
2022-01-04,106977.13453017635,40960.0,25.427096913788443,59040.0
2022-01-05,106706.33594804449,40960.0,25.427096913788443,59040.0
2022-01-06,107068.92635003512,40960.0,25.427096913788443,59040.0
2022-01-07,107572.89141086642,40960.0,25.427096913788443,59040.0
2022-01-10,107946.6697354991,40960.0,25.427096913788443,59040.0
2022-01-11,108316.88826656387,40960.0,25.427096913788443,59040.0
2022-01-12,108068.211258747,40960.0,25.427096913788443,59040.0
2022-01-13,107795.6327798312,40960.0,25.427096913788443,59040.0
2022-01-14,106789.99109689087,40960.0,25.427096913788443,59040.0
2022-01-17,106856.86436177413,40960.0,25.427096913788443,59040.0
2022-01-18,107441.17904885298,40960.0,25.427096913788443,59040.0
2022-01-19,107846.48697365877,40960.0,25.427096913788443,59040.0
2022-01-20,107732.573579485,40960.0,25.427096913788443,59040.0
2022-01-21,106906.44720075603,40960.0,25.427096913788443,59040.0
2022-01-24,106773.4634838969,40960.0,25.427096913788443,59040.0
2022-01-25,104834.13880228226,40960.0,25.427096913788443,59040.0
2022-01-26,105324.3732307801,40960.0,25.427096913788443,59040.0
2022-01-27,104603.51503327419,40960.0,25.427096913788443,59040.0
2022-01-28,104302.2039348458,40960.0,25.427096913788443,59040.0
2022-02-07,106186.8603580958,40960.0,25.427096913788443,59040.0
2022-02-08,107740.71025049742,40960.0,25.427096913788443,59040.0
2022-02-09,107999.30382611064,40960.0,25.427096913788443,59040.0
2022-02-10,108553.61453883123,40960.0,25.427096913788443,59040.0
2022-02-11,108279.76470506973,40960.0,25.427096913788443,59040.0
2022-02-14,107307.43251908646,40960.0,25.427096913788443,59040.0
2022-02-15,107050.11029831892,40960.0,25.427096913788443,59040.0
2022-02-16,107576.45120443434,40960.0,25.427096913788443,59040.0
2022-02-17,107224.79445411665,40960.0,25.427096913788443,59040.0
2022-02-18,108328.33046017506,40960.0,25.427096913788443,59040.0
2022-02-21,108525.13619028778,40960.0,25.427096913788443,59040.0
2022-02-22,107892.76429004187,40960.0,25.427096913788443,59040.0
2022-02-23,107526.86836545245,40960.0,25.427096913788443,59040.0
2022-02-24,106497.07094044401,40960.0,25.427096913788443,59040.0
2022-02-25,106591.65974096331,40960.0,25.427096913788443,59040.0
2022-02-28,106482.06895326488,40960.0,25.427096913788443,59040.0
2022-03-01,106971.79483982445,40960.0,25.427096913788443,59040.0
2022-03-02,107364.89775811162,40960.0,25.427096913788443,59040.0
2022-03-03,108526.15327416435,40960.0,25.427096913788443,59040.0
2022-03-04,108041.00426504925,40960.0,25.427096913788443,59040.0
2022-03-07,107492.03324268057,40960.0,25.427096913788443,59040.0
2022-03-08,105636.36370991229,40960.0,25.427096913788443,59040.0
2022-03-09,105032.97870014809,40960.0,25.427096913788443,59040.0
2022-03-10,106096.59416405184,40960.0,25.427096913788443,59040.0
2022-03-11,106298.73958451647,40960.0,25.427096913788443,59040.0
2022-03-14,104998.39784834534,40960.0,25.427096913788443,59040.0
2022-03-15,101629.81604920664,32768.0,28.860415019595997,67232.0
2022-03-16,103304.874536944,32768.0,28.860415019595997,67232.0
2022-03-17,103917.86975196021,32768.0,28.860415019595997,67232.0
2022-03-18,105480.37262112113,32768.0,28.860415019595997,67232.0
2022-03-21,105446.60593554821,32768.0,28.860415019595997,67232.0
2022-03-22,106279.51751301375,32768.0,28.860415019595997,67232.0
2022-03-23,106067.97067092011,32768.0,28.860415019595997,67232.0
2022-03-24,106001.88032052523,32768.0,28.860415019595997,67232.0
2022-03-25,105781.96395807591,32768.0,28.860415019595997,67232.0
2022-03-28,106429.01446281526,32768.0,28.860415019595997,67232.0
2022-03-29,106388.32127763762,32768.0,28.860415019595997,67232.0
2022-03-30,107443.45805075405,32768.0,28.860415019595997,67232.0
2022-03-31,107985.16804067187,32768.0,28.860415019595997,67232.0
2022-04-01,108539.8652173485,32768.0,28.860415019595997,67232.0
2022-04-06,109828.19414382328,32768.0,28.860415019595997,67232.0
2022-04-07,108462.23070094579,32768.0,28.860415019595997,67232.0
2022-04-08,109157.18949461766,32768.0,28.860415019595997,67232.0
2022-04-11,108116.19432486084,32768.0,28.860415019595997,67232.0
2022-04-12,108693.69122940295,32768.0,28.860415019595997,67232.0
2022-04-13,108003.06149798403,32768.0,28.860415019595997,67232.0
2022-04-14,108629.90971220964,32768.0,28.860415019595997,67232.0
2022-04-15,108332.64743750781,32768.0,28.860415019595997,67232.0
2022-04-18,107714.16874363786,32768.0,28.860415019595997,67232.0
2022-04-19,108449.82072248738,32768.0,28.860415019595997,67232.0
2022-04-20,106923.68197625113,32768.0,28.860415019595997,67232.0
2022-04-21,105511.2532651921,32768.0,28.860415019595997,67232.0
2022-04-22,106443.44467032506,32768.0,28.860415019595997,67232.0
2022-04-25,103790.30671757358,26214.4,31.523516580413425,73785.6
2022-04-26,103227.29671144742,26214.4,31.523516580413425,73785.6
2022-04-27,104473.73655703696,26214.4,31.523516580413425,73785.6
2022-04-28,105692.12047286992,26214.4,31.523516580413425,73785.6
2022-04-29,106911.76532936611,26214.4,31.523516580413425,73785.6
2022-05-05,107122.6576552891,26214.4,31.523516580413425,73785.6
2022-05-06,105165.04727564543,26214.4,31.523516580413425,73785.6
2022-05-09,106048.0209750628,26214.4,31.523516580413425,73785.6
2022-05-10,107256.00213042425,26214.4,31.523516580413425,73785.6
2022-05-11,107061.8172682889,26214.4,31.523516580413425,73785.6
2022-05-12,107101.22166401442,26214.4,31.523516580413425,73785.6
2022-05-13,107953.93278751458,26214.4,31.523516580413425,73785.6
2022-05-16,107830.04536735357,26214.4,31.523516580413425,73785.6
2022-05-17,107047.9469209935,26214.4,31.523516580413425,73785.6
2022-05-18,106827.28230493062,26214.4,31.523516580413425,73785.6
2022-05-19,107247.17554578173,26214.4,31.523516580413425,73785.6
2022-05-20,107980.41254144214,26214.4,31.523516580413425,73785.6
2022-05-23,107730.11581979366,26214.4,31.523516580413425,73785.6
2022-05-24,105760.84173901525,26214.4,31.523516580413425,73785.6
2022-05-25,107425.59864962686,26214.4,31.523516580413425,73785.6
2022-05-26,108180.90210689357,26214.4,31.523516580413425,73785.6
2022-05-27,108642.40638963084,26214.4,31.523516580413425,73785.6
2022-05-30,108536.80260908644,26214.4,31.523516580413425,73785.6
2022-05-31,108376.03267452633,26214.4,31.523516580413425,73785.6
2022-06-01,108095.15814179485,26214.4,31.523516580413425,73785.6
2022-06-02,107652.56796900585,26214.4,31.523516580413425,73785.6
2022-06-06,107702.05989003708,26214.4,31.523516580413425,73785.6
2022-06-07,107938.17102922438,26214.4,31.523516580413425,73785.6
2022-06-08,108085.38585165492,26214.4,31.523516580413425,73785.6
2022-06-09,108277.04883246383,26214.4,31.523516580413425,73785.6
2022-06-10,108577.78318064098,26214.4,31.523516580413425,73785.6
2022-06-13,107346.78985817585,26214.4,31.523516580413425,73785.6
2022-06-14,108413.23042409122,26214.4,31.523516580413425,73785.6
2022-06-15,108940.61885648154,26214.4,31.523516580413425,73785.6
2022-06-16,107939.74720505343,26214.4,31.523516580413425,73785.6
2022-06-17,107674.94966577794,26214.4,31.523516580413425,73785.6
2022-06-20,107352.77932632613,26214.4,31.523516580413425,73785.6
2022-06-21,107516.07114221266,26214.4,31.523516580413425,73785.6
2022-06-22,106532.85266006956,26214.4,31.523516580413425,73785.6
2022-06-23,107141.25653007155,26214.4,31.523516580413425,73785.6
2022-06-24,106915.54815135579,26214.4,31.523516580413425,73785.6
2022-06-27,107208.086385222,26214.4,31.523516580413425,73785.6
2022-06-28,107645.94803052396,26214.4,31.523516580413425,73785.6
2022-06-29,107330.08239438821,26214.4,31.523516580413425,73785.6
2022-06-30,107429.06623645072,26214.4,31.523516580413425,73785.6
2022-07-01,107420.2396518082,26214.4,31.523516580413425,73785.6
2022-07-04,107576.59629404705,26214.4,31.523516580413425,73785.6
2022-07-05,107598.34752048753,26214.4,31.523516580413425,73785.6
2022-07-06,106485.88262036475,26214.4,31.523516580413425,73785.6
2022-07-07,106236.84683937949,26214.4,31.523516580413425,73785.6
2022-07-08,106341.50491442645,26214.4,31.523516580413425,73785.6
2022-07-11,106272.46841311536,26214.4,31.523516580413425,73785.6
2022-07-12,106445.84775430762,26214.4,31.523516580413425,73785.6
2022-07-13,106443.01063781537,26214.4,31.523516580413425,73785.6
2022-07-14,105441.82375122147,26214.4,31.523516580413425,73785.6
2022-07-15,103479.16960892492,20971.52,33.66257705319619,79028.48000000001
2022-07-18,104858.99864233544,20971.52,33.66257705319619,79028.48000000001
2022-07-19,105148.83343076345,20971.52,33.66257705319619,79028.48000000001
2022-07-20,105490.5085878534,20971.52,33.66257705319619,79028.48000000001
2022-07-21,104513.95722754019,16777.216,35.35262927420064,83222.78400000001
2022-07-22,104743.04226523699,16777.216,35.35262927420064,83222.78400000001
2022-07-25,104596.32885374907,16777.216,35.35262927420064,83222.78400000001
2022-07-26,105213.93928716934,16777.216,35.35262927420064,83222.78400000001
2022-07-27,104926.87593746284,16777.216,35.35262927420064,83222.78400000001
2022-07-28,104816.92926042007,16777.216,35.35262927420064,83222.78400000001
2022-07-29,104161.49151367639,16777.216,35.35262927420064,83222.78400000001
2022-08-01,103805.13701059246,16777.216,35.35262927420064,83222.78400000001
2022-08-02,101600.90057534605,16777.216,35.35262927420064,83222.78400000001
2022-08-03,100767.99262964589,16777.216,35.35262927420064,83222.78400000001
2022-08-04,101363.3309066234,16777.216,35.35262927420064,83222.78400000001
2022-08-05,101936.04350086547,16777.216,35.35262927420064,83222.78400000001
2022-08-08,102086.29217528082,16777.216,35.35262927420064,83222.78400000001
2022-08-09,102037.50554688243,16777.216,35.35262927420064,83222.78400000001
2022-08-10,101677.61578087107,16777.216,35.35262927420064,83222.78400000001
2022-08-11,102855.21186199469,16777.216,35.35262927420064,83222.78400000001
2022-08-12,103201.66762888184,16777.216,35.35262927420064,83222.78400000001
2022-08-15,102833.29323184467,16777.216,35.35262927420064,83222.78400000001
2022-08-16,102994.50122133504,16777.216,35.35262927420064,83222.78400000001
2022-08-17,103450.55013897222,16777.216,35.35262927420064,83222.78400000001
2022-08-18,102683.7516100148,16777.216,35.35262927420064,83222.78400000001
2022-08-19,103000.15764201891,16777.216,35.35262927420064,83222.78400000001
2022-08-22,103438.17671872624,16777.216,35.35262927420064,83222.78400000001
2022-08-23,103624.48507500128,16777.216,35.35262927420064,83222.78400000001
2022-08-24,102816.32396979305,16777.216,35.35262927420064,83222.78400000001
2022-08-25,104020.08099657959,16777.216,35.35262927420064,83222.78400000001
2022-08-26,103998.86941901507,16777.216,35.35262927420064,83222.78400000001
2022-08-29,104272.14524330465,16777.216,35.35262927420064,83222.78400000001
2022-08-30,104527.03770037163,16777.216,35.35262927420064,83222.78400000001
2022-08-31,104202.8540899272,16777.216,35.35262927420064,83222.78400000001
2022-09-01,104435.12086425872,16777.216,35.35262927420064,83222.78400000001
2022-09-02,104610.82343175149,16777.216,35.35262927420064,83222.78400000001
2022-09-05,105614.1310505533,16777.216,35.35262927420064,83222.78400000001
2022-09-06,106203.10585426148,16777.216,35.35262927420064,83222.78400000001
2022-09-07,105871.85171796224,13421.7728,36.68406453452038,86578.22720000001
2022-09-08,105919.5410018571,13421.7728,36.68406453452038,86578.22720000001
2022-09-09,106692.10740095412,13421.7728,36.68406453452038,86578.22720000001
2022-09-13,106433.11790534039,13421.7728,36.68406453452038,86578.22720000001
2022-09-14,105694.30084561514,10737.41824,37.75126230181135,89262.58176000002
2022-09-15,105681.46541643252,10737.41824,37.75126230181135,89262.58176000002
2022-09-16,103255.19178829511,10737.41824,37.75126230181135,89262.58176000002
2022-09-19,102967.52716955531,10737.41824,37.75126230181135,89262.58176000002
2022-09-20,102893.15718282075,10737.41824,37.75126230181135,89262.58176000002
2022-09-21,103651.20252984112,10737.41824,37.75126230181135,89262.58176000002
2022-09-22,103299.36076518823,10737.41824,37.75126230181135,89262.58176000002
2022-09-23,103194.78976861222,10737.41824,37.75126230181135,89262.58176000002
2022-09-26,101099.59471086168,10737.41824,37.75126230181135,89262.58176000002
2022-09-27,102039.22362955377,10737.41824,37.75126230181135,89262.58176000002
2022-09-28,101256.63996203722,10737.41824,37.75126230181135,89262.58176000002
2022-09-29,100503.8797917391,10737.41824,37.75126230181135,89262.58176000002
2022-09-30,100914.99103820583,10737.41824,37.75126230181135,89262.58176000002
2022-10-10,100887.05510410247,10737.41824,37.75126230181135,89262.58176000002
2022-10-11,101039.57020380182,10737.41824,37.75126230181135,89262.58176000002
2022-10-12,102104.91082595893,10737.41824,37.75126230181135,89262.58176000002
2022-10-13,101765.90449048865,10737.41824,37.75126230181135,89262.58176000002
2022-10-14,102799.53405231226,10737.41824,37.75126230181135,89262.58176000002
2022-10-17,102816.52212034806,10737.41824,37.75126230181135,89262.58176000002
2022-10-18,102852.00830691177,10737.41824,37.75126230181135,89262.58176000002
2022-10-19,102213.63446138814,10737.41824,37.75126230181135,89262.58176000002
2022-10-20,101782.89255852446,10737.41824,37.75126230181135,89262.58176000002
2022-10-21,102024.50063725606,10737.41824,37.75126230181135,89262.58176000002
2022-10-24,100352.49722990884,10737.41824,37.75126230181135,89262.58176000002
2022-10-25,100075.40296461353,10737.41824,37.75126230181135,89262.58176000002
2022-10-26,100125.61214347497,10737.41824,37.75126230181135,89262.58176000002
2022-10-27,100606.18571257702,10737.41824,37.75126230181135,89262.58176000002
2022-10-28,98873.78028554689,10737.41824,37.75126230181135,89262.58176000002
2022-10-31,98021.73429539501,10737.41824,37.75126230181135,89262.58176000002
2022-11-01,99053.09878148048,10737.41824,37.75126230181135,89262.58176000002
2022-11-02,99347.93614005763,10737.41824,37.75126230181135,89262.58176000002
2022-11-03,98960.60818884106,10737.41824,37.75126230181135,89262.58176000002
2022-11-04,100079.93311608977,10737.41824,37.75126230181135,89262.58176000002
2022-11-07,100339.66180072622,10737.41824,37.75126230181135,89262.58176000002
2022-11-08,100384.20829024236,10737.41824,37.75126230181135,89262.58176000002
2022-11-09,100434.7949817268,10737.41824,37.75126230181135,89262.58176000002
2022-11-10,100640.53936127166,10737.41824,37.75126230181135,89262.58176000002
2022-11-11,102018.46043528778,10737.41824,37.75126230181135,89262.58176000002
2022-11-14,102579.06668046967,10737.41824,37.75126230181135,89262.58176000002
2022-11-15,103220.83813960047,10737.41824,37.75126230181135,89262.58176000002
2022-11-16,102900.7074352811,10737.41824,37.75126230181135,89262.58176000002
2022-11-17,103200.82997058051,10737.41824,37.75126230181135,89262.58176000002
2022-11-18,102978.47503562283,10737.41824,37.75126230181135,89262.58176000002
2022-11-21,102724.40904033164,10737.41824,37.75126230181135,89262.58176000002
2022-11-22,103658.75278230147,10737.41824,37.75126230181135,89262.58176000002
2022-11-23,104014.74718580756,10737.41824,37.75126230181135,89262.58176000002
2022-11-24,104234.4595324041,10737.41824,37.75126230181135,89262.58176000002
2022-11-25,105454.20281737561,10737.41824,37.75126230181135,89262.58176000002
2022-11-28,105160.87550929055,10737.41824,37.75126230181135,89262.58176000002
2022-11-29,107223.2269688385,10737.41824,37.75126230181135,89262.58176000002
2022-11-30,107206.6164134257,10737.41824,37.75126230181135,89262.58176000002
2022-12-01,106749.44862695078,10737.41824,37.75126230181135,89262.58176000002
2022-12-02,106670.17097611696,10737.41824,37.75126230181135,89262.58176000002
2022-12-05,109138.72601803242,10737.41824,37.75126230181135,89262.58176000002
2022-12-06,108569.81449514412,10737.41824,37.75126230181135,89262.58176000002
2022-12-07,108493.17943267143,10737.41824,37.75126230181135,89262.58176000002
2022-12-08,108587.93510104899,10737.41824,37.75126230181135,89262.58176000002
2022-12-09,107966.9268361842,10737.41824,37.75126230181135,89262.58176000002
2022-12-12,107022.76776601588,10737.41824,37.75126230181135,89262.58176000002
2022-12-13,107536.93995856655,10737.41824,37.75126230181135,89262.58176000002
2022-12-14,107083.92481094482,10737.41824,37.75126230181135,89262.58176000002
2022-12-15,106249.99942669782,10737.41824,37.75126230181135,89262.58176000002
2022-12-16,106911.02402960253,10737.41824,37.75126230181135,89262.58176000002
2022-12-19,104898.50423629297,8589.934592000001,38.61223600051838,91410.06540800001
2022-12-20,104086.87503556207,8589.934592000001,38.61223600051838,91410.06540800001
2022-12-21,104189.96970568347,8589.934592000001,38.61223600051838,91410.06540800001
2022-12-22,103673.33798799652,8589.934592000001,38.61223600051838,91410.06540800001
2022-12-23,103333.16418883196,8589.934592000001,38.61223600051838,91410.06540800001
2022-12-26,103190.29891563005,8589.934592000001,38.61223600051838,91410.06540800001
2022-12-27,104222.40398392388,8589.934592000001,38.61223600051838,91410.06540800001
2022-12-28,104379.555784446,8589.934592000001,38.61223600051838,91410.06540800001
2022-12-29,103855.97386427897,8589.934592000001,38.61223600051838,91410.06540800001
2022-12-30,104788.84548605149,8589.934592000001,38.61223600051838,91410.06540800001
2023-01-03,105360.30657885918,8589.934592000001,38.61223600051838,91410.06540800001
2023-01-04,106172.32190195007,8589.934592000001,38.61223600051838,91410.06540800001
2023-01-05,106167.68843363001,8589.934592000001,38.61223600051838,91410.06540800001
2023-01-06,105854.92932202581,6871.9476736000015,39.29424206573422,93128.05232640001
2023-01-09,105874.57644305869,6871.9476736000015,39.29424206573422,93128.05232640001
2023-01-10,105192.42840079752,6871.9476736000015,39.29424206573422,93128.05232640001
2023-01-11,105240.76031853838,6871.9476736000015,39.29424206573422,93128.05232640001
2023-01-12,105144.88236789798,6871.9476736000015,39.29424206573422,93128.05232640001
2023-01-13,106201.11159462493,6871.9476736000015,39.29424206573422,93128.05232640001
2023-01-16,106675.786038779,6871.9476736000015,39.29424206573422,93128.05232640001
2023-01-17,106445.5217802738,6871.9476736000015,39.29424206573422,93128.05232640001
2023-01-18,106734.33445945695,6871.9476736000015,39.29424206573422,93128.05232640001
2023-01-19,107114.30978023261,6871.9476736000015,39.29424206573422,93128.05232640001
2023-01-20,107903.33816091254,6871.9476736000015,39.29424206573422,93128.05232640001
2023-01-30,107981.1407602027,6871.9476736000015,39.29424206573422,93128.05232640001
2023-01-31,108035.36681425342,6871.9476736000015,39.29424206573422,93128.05232640001
2023-02-01,108594.13093642815,6871.9476736000015,39.29424206573422,93128.05232640001
2023-02-02,108177.61197053136,6871.9476736000015,39.29424206573422,93128.05232640001
2023-02-03,107491.14156164299,6871.9476736000015,39.29424206573422,93128.05232640001
2023-02-06,107106.45093181945,6871.9476736000015,39.29424206573422,93128.05232640001
2023-02-07,107581.12537597351,6871.9476736000015,39.29424206573422,93128.05232640001
2023-02-08,107041.61543241098,6871.9476736000015,39.29424206573422,93128.05232640001
2023-02-09,107757.55652284867,6871.9476736000015,39.29424206573422,93128.05232640001
2023-02-10,107948.13359686747,6871.9476736000015,39.29424206573422,93128.05232640001
2023-02-13,108076.62576842243,6871.9476736000015,39.29424206573422,93128.05232640001
2023-02-14,108250.69926077362,6871.9476736000015,39.29424206573422,93128.05232640001
2023-02-15,107816.1049435266,6871.9476736000015,39.29424206573422,93128.05232640001
2023-02-16,107230.62073674718,6871.9476736000015,39.29424206573422,93128.05232640001
2023-02-17,107012.53769328234,6871.9476736000015,39.29424206573422,93128.05232640001
2023-02-20,108940.70615144793,6871.9476736000015,39.29424206573422,93128.05232640001
2023-02-21,109613.81651803394,6871.9476736000015,39.29424206573422,93128.05232640001
2023-02-22,109512.43737350435,6871.9476736000015,39.29424206573422,93128.05232640001
2023-02-23,109733.66395633444,6871.9476736000015,39.29424206573422,93128.05232640001
2023-02-24,109444.06539230999,6871.9476736000015,39.29424206573422,93128.05232640001
2023-02-27,109043.26412323948,6871.9476736000015,39.29424206573422,93128.05232640001
2023-02-28,109753.31107736731,6871.9476736000015,39.29424206573422,93128.05232640001
2023-03-01,110530.55118542754,6871.9476736000015,39.29424206573422,93128.05232640001
2023-03-02,111143.54136165298,6871.9476736000015,39.29424206573422,93128.05232640001
2023-03-03,112179.33758250573,6871.9476736000015,39.29424206573422,93128.05232640001
2023-03-06,112127.46918297897,6871.9476736000015,39.29424206573422,93128.05232640001
2023-03-07,111789.53870121366,6871.9476736000015,39.29424206573422,93128.05232640001
2023-03-08,111821.75997970755,6871.9476736000015,39.29424206573422,93128.05232640001
2023-03-09,111609.57107255259,6871.9476736000015,39.29424206573422,93128.05232640001
2023-03-10,109944.67403622743,6871.9476736000015,39.29424206573422,93128.05232640001
2023-03-13,111488.15186456947,6871.9476736000015,39.29424206573422,93128.05232640001
2023-03-14,110697.5517142069,6871.9476736000015,39.29424206573422,93128.05232640001
2023-03-15,112193.09056722875,6871.9476736000015,39.29424206573422,93128.05232640001
2023-03-16,111984.83108428035,6871.9476736000015,39.29424206573422,93128.05232640001
2023-03-17,112958.14946024859,6871.9476736000015,39.29424206573422,93128.05232640001
2023-03-20,112553.02582455087,6871.9476736000015,39.29424206573422,93128.05232640001
2023-03-21,112485.04678577714,6871.9476736000015,39.29424206573422,93128.05232640001
2023-03-22,113125.93587386927,6871.9476736000015,39.29424206573422,93128.05232640001
2023-03-23,113374.66842614536,6871.9476736000015,39.29424206573422,93128.05232640001
2023-03-24,112277.57318767006,6871.9476736000015,39.29424206573422,93128.05232640001
2023-03-27,111153.36492216942,6871.9476736000015,39.29424206573422,93128.05232640001
2023-03-28,111742.77855315544,6871.9476736000015,39.29424206573422,93128.05232640001
2023-03-29,111139.61193744642,6871.9476736000015,39.29424206573422,93128.05232640001
2023-03-30,111382.8432958333,6871.9476736000015,39.29424206573422,93128.05232640001
2023-03-31,111763.60450145026,6871.9476736000015,39.29424206573422,93128.05232640001
2023-04-03,112504.69390681002,6871.9476736000015,39.29424206573422,93128.05232640001
2023-04-04,113765.64613469943,6871.9476736000015,39.29424206573422,93128.05232640001
2023-04-06,113217.49145788242,6871.9476736000015,39.29424206573422,93128.05232640001
2023-04-07,113126.32881628994,6871.9476736000015,39.29424206573422,93128.05232640001
2023-04-10,113077.21101370777,6871.9476736000015,39.29424206573422,93128.05232640001
2023-04-11,113923.21604538301,6871.9476736000015,39.29424206573422,93128.05232640001
2023-04-12,115442.72438606496,6871.9476736000015,39.29424206573422,93128.05232640001
2023-04-13,115406.96662578515,6871.9476736000015,39.29424206573422,93128.05232640001
2023-04-14,115527.59994892695,6871.9476736000015,39.29424206573422,93128.05232640001
2023-04-17,117041.6070957197,6871.9476736000015,39.29424206573422,93128.05232640001
2023-04-18,117616.48185714139,6871.9476736000015,39.29424206573422,93128.05232640001
2023-04-19,117508.42269146061,6871.9476736000015,39.29424206573422,93128.05232640001
2023-04-20,118287.62751162412,6871.9476736000015,39.29424206573422,93128.05232640001
2023-04-21,117068.32718032438,6871.9476736000015,39.29424206573422,93128.05232640001
2023-04-24,117627.09130249913,6871.9476736000015,39.29424206573422,93128.05232640001
2023-04-25,118672.71108386831,6871.9476736000015,39.29424206573422,93128.05232640001
2023-04-26,118632.63095696126,6871.9476736000015,39.29424206573422,93128.05232640001
2023-04-27,119763.5192436131,6871.9476736000015,39.29424206573422,93128.05232640001
2023-04-28,121868.51179107449,6871.9476736000015,39.29424206573422,93128.05232640001
2023-05-04,126051.38385897188,6871.9476736000015,39.29424206573422,93128.05232640001
2023-05-05,126572.03256634287,6871.9476736000015,39.29424206573422,93128.05232640001
2023-05-08,129768.2262159697,6871.9476736000015,39.29424206573422,93128.05232640001
2023-05-09,127971.30052630366,6871.9476736000015,39.29424206573422,93128.05232640001
2023-05-10,125375.1299530206,6871.9476736000015,39.29424206573422,93128.05232640001
2023-05-11,124724.02436199138,6871.9476736000015,39.29424206573422,93128.05232640001
2023-05-12,123725.95061352174,6871.9476736000015,39.29424206573422,93128.05232640001
2023-05-15,123513.76170636677,6871.9476736000015,39.29424206573422,93128.05232640001
2023-05-16,122443.38655249616,6871.9476736000015,39.29424206573422,93128.05232640001
2023-05-17,122300.3555113769,6871.9476736000015,39.29424206573422,93128.05232640001
2023-05-18,123263.8503268287,6871.9476736000015,39.29424206573422,93128.05232640001
2023-05-19,121378.51259251477,6871.9476736000015,39.29424206573422,93128.05232640001
2023-05-22,121080.6622376565,6871.9476736000015,39.29424206573422,93128.05232640001
2023-05-23,119240.51288171818,6871.9476736000015,39.29424206573422,93128.05232640001
2023-05-24,117607.83712388691,6871.9476736000015,39.29424206573422,93128.05232640001
2023-05-25,117249.8665786681,6871.9476736000015,39.29424206573422,93128.05232640001
2023-05-26,118495.8869945725,6871.9476736000015,39.29424206573422,93128.05232640001
2023-05-29,119603.1987359849,6871.9476736000015,39.29424206573422,93128.05232640001
2023-05-30,119986.71053854647,6871.9476736000015,39.29424206573422,93128.05232640001
2023-05-31,119513.60786407502,6871.9476736000015,39.29424206573422,93128.05232640001
2023-06-01,119650.74476888444,6871.9476736000015,39.29424206573422,93128.05232640001
2023-06-02,119535.21969721119,6871.9476736000015,39.29424206573422,93128.05232640001
2023-06-05,120449.20376766015,6871.9476736000015,39.29424206573422,93128.05232640001
2023-06-06,119675.1071989652,6871.9476736000015,39.29424206573422,93128.05232640001
2023-06-07,120753.34120124894,6871.9476736000015,39.29424206573422,93128.05232640001
2023-06-08,121635.10399320403,6871.9476736000015,39.29424206573422,93128.05232640001
2023-06-09,121695.22418356458,6871.9476736000015,39.29424206573422,93128.05232640001
2023-06-12,120648.03263251277,6871.9476736000015,39.29424206573422,93128.05232640001
2023-06-13,120229.94189693336,6871.9476736000015,39.29424206573422,93128.05232640001
2023-06-14,119436.59114962618,6871.9476736000015,39.29424206573422,93128.05232640001
2023-06-15,119431.48289815766,6871.9476736000015,39.29424206573422,93128.05232640001
2023-06-16,119240.90582413883,6871.9476736000015,39.29424206573422,93128.05232640001
2023-06-19,117915.5110392616,6871.9476736000015,39.29424206573422,93128.05232640001
2023-06-20,117129.23325552628,6871.9476736000015,39.29424206573422,93128.05232640001
2023-06-21,116150.02074324818,6871.9476736000015,39.29424206573422,93128.05232640001
2023-06-26,114423.82468930048,6871.9476736000015,39.29424206573422,93128.05232640001
2023-06-27,116337.45427790174,6871.9476736000015,39.29424206573422,93128.05232640001
2023-06-28,116583.04329081257,6871.9476736000015,39.29424206573422,93128.05232640001
2023-06-29,116419.97218623977,6871.9476736000015,39.29424206573422,93128.05232640001
2023-06-30,116785.80157987175,6871.9476736000015,39.29424206573422,93128.05232640001
2023-07-03,117953.62645406538,6871.9476736000015,39.29424206573422,93128.05232640001
2023-07-04,117270.29958454227,6871.9476736000015,39.29424206573422,93128.05232640001
2023-07-05,116876.96422146427,6871.9476736000015,39.29424206573422,93128.05232640001
2023-07-06,116162.59490070921,6871.9476736000015,39.29424206573422,93128.05232640001
2023-07-07,116532.74666096843,6871.9476736000015,39.29424206573422,93128.05232640001
2023-07-10,116728.82492887645,6871.9476736000015,39.29424206573422,93128.05232640001
2023-07-11,116983.05867504174,6871.9476736000015,39.29424206573422,93128.05232640001
2023-07-12,116194.0302943618,6871.9476736000015,39.29424206573422,93128.05232640001
2023-07-13,117450.66015562398,6871.9476736000015,39.29424206573422,93128.05232640001
2023-07-14,117332.77742942677,6871.9476736000015,39.29424206573422,93128.05232640001
2023-07-17,116810.94989479384,6871.9476736000015,39.29424206573422,93128.05232640001
2023-07-18,116490.30887953744,6871.9476736000015,39.29424206573422,93128.05232640001
2023-07-19,117033.74824730655,6871.9476736000015,39.29424206573422,93128.05232640001
2023-07-20,116212.4985881327,6871.9476736000015,39.29424206573422,93128.05232640001
2023-07-21,116283.62116627168,6871.9476736000015,39.29424206573422,93128.05232640001
2023-07-24,116425.47338012898,6871.9476736000015,39.29424206573422,93128.05232640001
2023-07-25,117966.59355394707,6871.9476736000015,39.29424206573422,93128.05232640001
2023-07-26,117892.72037886348,6871.9476736000015,39.29424206573422,93128.05232640001
2023-07-27,118071.90212268323,6871.9476736000015,39.29424206573422,93128.05232640001
2023-07-28,120104.98620716433,6871.9476736000015,39.29424206573422,93128.05232640001
2023-07-31,121126.63650087341,6871.9476736000015,39.29424206573422,93128.05232640001
2023-08-01,121222.51445151381,6871.9476736000015,39.29424206573422,93128.05232640001
2023-08-02,120115.98859494273,6871.9476736000015,39.29424206573422,93128.05232640001
2023-08-03,120679.46802616536,6871.9476736000015,39.29424206573422,93128.05232640001
2023-08-04,120695.18572299166,6871.9476736000015,39.29424206573422,93128.05232640001
2023-08-07,119809.88644925065,6871.9476736000015,39.29424206573422,93128.05232640001
2023-08-08,119806.34996746476,6871.9476736000015,39.29424206573422,93128.05232640001
2023-08-09,119258.98117548907,6871.9476736000015,39.29424206573422,93128.05232640001
2023-08-10,119425.19581942713,6871.9476736000015,39.29424206573422,93128.05232640001
2023-08-11,117478.55906749066,6871.9476736000015,39.29424206573422,93128.05232640001
2023-08-14,117297.01966914696,6871.9476736000015,39.29424206573422,93128.05232640001
2023-08-15,118143.81058566354,6871.9476736000015,39.29424206573422,93128.05232640001
2023-08-16,117830.63547639964,6871.9476736000015,39.29424206573422,93128.05232640001
2023-08-17,117761.87055278459,6871.9476736000015,39.29424206573422,93128.05232640001
2023-08-18,117416.08122260612,6871.9476736000015,39.29424206573422,93128.05232640001
2023-08-21,116347.27783841816,6871.9476736000015,39.29424206573422,93128.05232640001
2023-08-22,117277.3725481141,6871.9476736000015,39.29424206573422,93128.05232640001
2023-08-23,116936.29852698353,6871.9476736000015,39.29424206573422,93128.05232640001
2023-08-24,116078.8981651092,6871.9476736000015,39.29424206573422,93128.05232640001
2023-08-25,116447.08521326512,6871.9476736000015,39.29424206573422,93128.05232640001
2023-08-28,117818.84720377991,6871.9476736000015,39.29424206573422,93128.05232640001
2023-08-29,117470.30727665685,6871.9476736000015,39.29424206573422,93128.05232640001
2023-08-30,116070.6463742754,6871.9476736000015,39.29424206573422,93128.05232640001
2023-08-31,115406.57368336448,6871.9476736000015,39.29424206573422,93128.05232640001
2023-09-01,116079.29110752985,6871.9476736000015,39.29424206573422,93128.05232640001
2023-09-04,117601.5500451564,6871.9476736000015,39.29424206573422,93128.05232640001
2023-09-05,116458.08760104355,6871.9476736000015,39.29424206573422,93128.05232640001
2023-09-06,116454.15817683697,6871.9476736000015,39.29424206573422,93128.05232640001
2023-09-07,116042.35451998808,6871.9476736000015,39.29424206573422,93128.05232640001
2023-09-08,115758.25714985281,6871.9476736000015,39.29424206573422,93128.05232640001
2023-09-11,116867.14066094783,6871.9476736000015,39.29424206573422,93128.05232640001
2023-09-12,116771.6556527281,6871.9476736000015,39.29424206573422,93128.05232640001
2023-09-13,116730.39669855907,6871.9476736000015,39.29424206573422,93128.05232640001
2023-09-14,117649.09607805594,6871.9476736000015,39.29424206573422,93128.05232640001
2023-09-15,117361.06928371411,6871.9476736000015,39.29424206573422,93128.05232640001
2023-09-18,117403.50706514511,6871.9476736000015,39.29424206573422,93128.05232640001
2023-09-19,117929.26402398464,6871.9476736000015,39.29424206573422,93128.05232640001
2023-09-20,118047.93263502314,6871.9476736000015,39.29424206573422,93128.05232640001
2023-09-21,117335.52802637138,6871.9476736000015,39.29424206573422,93128.05232640001
2023-09-22,118226.32849400157,6871.9476736000015,39.29424206573422,93128.05232640001
2023-09-25,118118.2693283208,6871.9476736000015,39.29424206573422,93128.05232640001
2023-09-26,117825.52722493108,6871.9476736000015,39.29424206573422,93128.05232640001
2023-09-27,117617.66068440335,6871.9476736000015,39.29424206573422,93128.05232640001
2023-09-28,117642.41605690477,6871.9476736000015,39.29424206573422,93128.05232640001
2023-10-09,117029.03293825865,6871.9476736000015,39.29424206573422,93128.05232640001
2023-10-10,115959.83661165003,6871.9476736000015,39.29424206573422,93128.05232640001
2023-10-11,115754.72066806689,6871.9476736000015,39.29424206573422,93128.05232640001
2023-10-12,116827.06053404078,6871.9476736000015,39.29424206573422,93128.05232640001
2023-10-13,116596.40333311493,6871.9476736000015,39.29424206573422,93128.05232640001
2023-10-16,116842.77823086707,6871.9476736000015,39.29424206573422,93128.05232640001
2023-10-17,117195.64052461737,6871.9476736000015,39.29424206573422,93128.05232640001
2023-10-18,116152.37839777212,6871.9476736000015,39.29424206573422,93128.05232640001
2023-10-19,114207.31341551828,6871.9476736000015,39.29424206573422,93128.05232640001
2023-10-20,113786.47208299427,6871.9476736000015,39.29424206573422,93128.05232640001
2023-10-23,112361.26992327008,5497.558138880001,39.80619525604935,94502.44186112001
2023-10-24,113033.59656114476,5497.558138880001,39.80619525604935,94502.44186112001
2023-10-25,113487.78524901629,5497.558138880001,39.80619525604935,94502.44186112001
2023-10-26,114421.24052777064,5497.558138880001,39.80619525604935,94502.44186112001
2023-10-27,115154.47064438707,5497.558138880001,39.80619525604935,94502.44186112001
2023-10-30,113840.46813898488,5497.558138880001,39.80619525604935,94502.44186112001
2023-10-31,113934.80882174172,5497.558138880001,39.80619525604935,94502.44186112001
2023-11-01,113884.65301571909,5497.558138880001,39.80619525604935,94502.44186112001
2023-11-02,114108.76189501066,5497.558138880001,39.80619525604935,94502.44186112001
2023-11-03,113779.16659829055,5497.558138880001,39.80619525604935,94502.44186112001
2023-11-06,113988.54718533739,5497.558138880001,39.80619525604935,94502.44186112001
2023-11-07,113793.49682858275,5497.558138880001,39.80619525604935,94502.44186112001
2023-11-08,113663.72863204803,5497.558138880001,39.80619525604935,94502.44186112001
2023-11-09,113776.7782265752,5497.558138880001,39.80619525604935,94502.44186112001
2023-11-10,113297.1135737398,4398.046511104001,40.212202260113436,95601.953488896
2023-11-13,113331.69606768349,4398.046511104001,40.212202260113436,95601.953488896
2023-11-14,113405.6865198421,4398.046511104001,40.212202260113436,95601.953488896
2023-11-15,113938.09607776601,4398.046511104001,40.212202260113436,95601.953488896
2023-11-16,113799.76610199122,4398.046511104001,40.212202260113436,95601.953488896
2023-11-17,113636.90668283775,3518.437208883201,40.53599753878234,96481.5627911168
2023-11-20,113970.11258260655,3518.437208883201,40.53599753878234,96481.5627911168
2023-11-21,114285.48264345826,3518.437208883201,40.53599753878234,96481.5627911168
2023-11-22,114032.53801881628,3518.437208883201,40.53599753878234,96481.5627911168
2023-11-23,114603.69022413771,3518.437208883201,40.53599753878234,96481.5627911168
2023-11-24,114693.27477869843,3518.437208883201,40.53599753878234,96481.5627911168
2023-11-27,114111.98857399229,3518.437208883201,40.53599753878234,96481.5627911168
2023-11-28,113993.21810120365,2814.7497671065607,40.794198298969704,97185.25023289344
2023-11-29,113103.08869432013,2814.7497671065607,40.794198298969704,97185.25023289344
2023-11-30,113537.13896422117,2814.7497671065607,40.794198298969704,97185.25023289344
2023-12-01,114071.13501995469,2814.7497671065607,40.794198298969704,97185.25023289344
2023-12-04,114217.58619184798,2814.7497671065607,40.794198298969704,97185.25023289344
2023-12-05,112831.80727563199,2814.7497671065607,40.794198298969704,97185.25023289344
2023-12-06,112512.38870295105,2814.7497671065607,40.794198298969704,97185.25023289344
2023-12-07,112687.39581365364,2814.7497671065607,40.794198298969704,97185.25023289344
2023-12-08,112447.52592765569,2814.7497671065607,40.794198298969704,97185.25023289344
2023-12-11,113510.21479334385,2814.7497671065607,40.794198298969704,97185.25023289344
2023-12-12,114353.02293020056,2814.7497671065607,40.794198298969704,97185.25023289344
2023-12-13,113790.47093565777,2814.7497671065607,40.794198298969704,97185.25023289344
2023-12-14,113645.65153169642,2814.7497671065607,40.794198298969704,97185.25023289344
2023-12-15,112857.91556254332,2814.7497671065607,40.794198298969704,97185.25023289344
2023-12-18,112708.2008547861,2814.7497671065607,40.794198298969704,97185.25023289344
2023-12-19,112420.19381479538,2814.7497671065607,40.794198298969704,97185.25023289344
2023-12-20,111925.76813141187,2814.7497671065607,40.794198298969704,97185.25023289344
2023-12-21,112182.77158069536,2814.7497671065607,40.794198298969704,97185.25023289344
2023-12-22,112017.55507758455,2814.7497671065607,40.794198298969704,97185.25023289344
2023-12-25,111863.35300801444,2814.7497671065607,40.794198298969704,97185.25023289344
2023-12-26,111652.85494479176,2814.7497671065607,40.794198298969704,97185.25023289344
2023-12-27,112334.52599836754,2814.7497671065607,40.794198298969704,97185.25023289344
2023-12-28,112449.56563757065,2814.7497671065607,40.794198298969704,97185.25023289344
2023-12-29,112903.60506463816,2814.7497671065607,40.794198298969704,97185.25023289344
